Found?,Search term,Census,Matched name(s),Name status,Name type,Tags,canonicalName,scientificNameAuthorship,taxonRank,taxonRankSortOrder,taxonRankAbbreviation,kingdom,class,subclass,family,genericName,specificEpithet,infraspecificEpithet,nameElement,firstHybridParentName,firstHybridParentNameID,secondHybridParentName,secondHybridParentNameID
TRUE,Angophora bakeri subsp. bakeri,APC,Angophora bakeri E.C.Hall subsp. bakeri,legitimate,autonym,[],Angophora bakeri subsp. bakeri,,Subspecies,200,subsp.,Plantae,,,Myrtaceae,Angophora,bakeri,bakeri,bakeri,,,,
TRUE,Angophora costata subsp. costata,APC,Angophora costata (Gaertn.) Britten subsp. costata,legitimate,autonym,[],Angophora costata subsp. costata,,Subspecies,200,subsp.,Plantae,,,Myrtaceae,Angophora,costata,costata,costata,,,,
TRUE,Angophora bakeri subsp. crassifolia,APC,Angophora bakeri subsp. crassifolia G.J.Leach,legitimate,scientific,[],Angophora bakeri subsp. crassifolia,G.J.Leach,Subspecies,200,subsp.,Plantae,,,Myrtaceae,Angophora,bakeri,crassifolia,crassifolia,,,,
TRUE,Angophora costata subsp. euryphylla,APC,Angophora costata subsp. euryphylla L.A.S.Johnson ex G.J.Leach,legitimate,scientific,[],Angophora costata subsp. euryphylla,L.A.S.Johnson ex G.J.Leach,Subspecies,200,subsp.,Plantae,,,Myrtaceae,Angophora,costata,euryphylla,euryphylla,,,,
TRUE,Angophora floribunda,APC,Angophora floribunda (Sm.) Sweet,legitimate,scientific,[],Angophora floribunda,(Sm.) Sweet,Species,190,sp.,Plantae,,,Myrtaceae,Angophora,floribunda,,floribunda,,,,
TRUE,Angophora hispida,APC,Angophora hispida (Sm.) Blaxell,legitimate,scientific,[],Angophora hispida,(Sm.) Blaxell,Species,190,sp.,Plantae,,,Myrtaceae,Angophora,hispida,,hispida,,,,
TRUE,Angophora inopina,APC,Angophora inopina K.D.Hill,legitimate,scientific,[],Angophora inopina,K.D.Hill,Species,190,sp.,Plantae,,,Myrtaceae,Angophora,inopina,,inopina,,,,
TRUE,Angophora costata subsp. leiocarpa,,Angophora costata subsp. leiocarpa L.A.S.Johnson ex G.J.Leach,legitimate,scientific,[],Angophora costata subsp. leiocarpa,L.A.S.Johnson ex G.J.Leach,Subspecies,200,subsp.,Plantae,,,Myrtaceae,Angophora,costata,leiocarpa,leiocarpa,,,,
TRUE,Angophora melanoxylon,APC,Angophora melanoxylon R.T.Baker,legitimate,scientific,[],Angophora melanoxylon,R.T.Baker,Species,190,sp.,Plantae,,,Myrtaceae,Angophora,melanoxylon,,melanoxylon,,,,
TRUE,Eucalyptus ovata subsp. ovata,,Eucalyptus ovata Labill. subsp. ovata,legitimate,autonym,[],Eucalyptus ovata subsp. ovata,,Subspecies,200,subsp.,Plantae,,,Myrtaceae,Eucalyptus,ovata,ovata,ovata,,,,
TRUE,Angophora robur,APC,Angophora robur L.A.S.Johnson & K.D.Hill,legitimate,scientific,[],Angophora robur,L.A.S.Johnson & K.D.Hill,Species,190,sp.,Plantae,,,Myrtaceae,Angophora,robur,,robur,,,,
TRUE,Angophora subvelutina,APC,Angophora subvelutina F.Muell.,legitimate,scientific,[],Angophora subvelutina,F.Muell.,Species,190,sp.,Plantae,,,Myrtaceae,Angophora,subvelutina,,subvelutina,,,,
TRUE,Angophora woodsiana,APC,Angophora woodsiana F.M.Bailey,legitimate,scientific,[],Angophora woodsiana,F.M.Bailey,Species,190,sp.,Plantae,,,Myrtaceae,Angophora,woodsiana,,woodsiana,,,,
TRUE,Corymbia citriodora,APC,Corymbia citriodora (Hook.) K.D.Hill & L.A.S.Johnson,legitimate,scientific,[],Corymbia citriodora,(Hook.) K.D.Hill & L.A.S.Johnson,Species,190,sp.,Plantae,,,Myrtaceae,Corymbia,citriodora,,citriodora,,,,
TRUE,Corymbia clarksoniana,APC,Corymbia clarksoniana (D.J.Carr & S.G.M.Carr) K.D.Hill & L.A.S.Johnson,legitimate,scientific,[],Corymbia clarksoniana,(D.J.Carr & S.G.M.Carr) K.D.Hill & L.A.S.Johnson,Species,190,sp.,Plantae,,,Myrtaceae,Corymbia,clarksoniana,,clarksoniana,,,,
TRUE,Corymbia eximia,APC,Corymbia eximia (Schauer) K.D.Hill & L.A.S.Johnson,legitimate,scientific,[],Corymbia eximia,(Schauer) K.D.Hill & L.A.S.Johnson,Species,190,sp.,Plantae,,,Myrtaceae,Corymbia,eximia,,eximia,,,,
TRUE,Corymbia gummifera,APC,Corymbia gummifera (Gaertn.) K.D.Hill & L.A.S.Johnson,legitimate,scientific,[],Corymbia gummifera,(Gaertn.) K.D.Hill & L.A.S.Johnson,Species,190,sp.,Plantae,,,Myrtaceae,Corymbia,gummifera,,gummifera,,,,
TRUE,Corymbia henryi,APC,Corymbia henryi (S.T.Blake) K.D.Hill & L.A.S.Johnson,legitimate,scientific,[],Corymbia henryi,(S.T.Blake) K.D.Hill & L.A.S.Johnson,Species,190,sp.,Plantae,,,Myrtaceae,Corymbia,henryi,,henryi,,,,
TRUE,Corymbia intermedia,APC,Corymbia intermedia (R.T.Baker) K.D.Hill & L.A.S.Johnson,legitimate,scientific,[],Corymbia intermedia,(R.T.Baker) K.D.Hill & L.A.S.Johnson,Species,190,sp.,Plantae,,,Myrtaceae,Corymbia,intermedia,,intermedia,,,,
TRUE,Corymbia maculata,APC,Corymbia maculata (Hook.) K.D.Hill & L.A.S.Johnson,legitimate,scientific,[],Corymbia maculata,(Hook.) K.D.Hill & L.A.S.Johnson,Species,190,sp.,Plantae,,,Myrtaceae,Corymbia,maculata,,maculata,,,,
TRUE,Corymbia tessellaris,APC,Corymbia tessellaris (F.Muell.) K.D.Hill & L.A.S.Johnson,legitimate,scientific,[],Corymbia tessellaris,(F.Muell.) K.D.Hill & L.A.S.Johnson,Species,190,sp.,Plantae,,,Myrtaceae,Corymbia,tessellaris,,tessellaris,,,,
TRUE,Corymbia torelliana,APC,Corymbia torelliana (F.Muell.) K.D.Hill & L.A.S.Johnson,legitimate,scientific,[],Corymbia torelliana,(F.Muell.) K.D.Hill & L.A.S.Johnson,Species,190,sp.,Plantae,,,Myrtaceae,Corymbia,torelliana,,torelliana,,,,
TRUE,Corymbia trachyphloia,APC,Corymbia trachyphloia (F.Muell.) K.D.Hill & L.A.S.Johnson,legitimate,scientific,[],Corymbia trachyphloia,(F.Muell.) K.D.Hill & L.A.S.Johnson,Species,190,sp.,Plantae,,,Myrtaceae,Corymbia,trachyphloia,,trachyphloia,,,,
TRUE,Corymbia terminalis,APC,Corymbia terminalis (F.Muell.) K.D.Hill & L.A.S.Johnson,legitimate,scientific,[],Corymbia terminalis,(F.Muell.) K.D.Hill & L.A.S.Johnson,Species,190,sp.,Plantae,,,Myrtaceae,Corymbia,terminalis,,terminalis,,,,
TRUE,Eucalyptus acaciiformis,APC,Eucalyptus acaciiformis H.Deane & Maiden,legitimate,scientific,[],Eucalyptus acaciiformis,H.Deane & Maiden,Species,190,sp.,Plantae,,,Myrtaceae,Eucalyptus,acaciiformis,,acaciiformis,,,,
TRUE,Eucalyptus acmenoides,APC,Eucalyptus acmenoides Schauer,legitimate,scientific,[],Eucalyptus acmenoides,Schauer,Species,190,sp.,Plantae,,,Myrtaceae,Eucalyptus,acmenoides,,acmenoides,,,,
TRUE,Eucalyptus viridis,APC,Eucalyptus viridis R.T.Baker,legitimate,scientific,[],Eucalyptus viridis,R.T.Baker,Species,190,sp.,Plantae,,,Myrtaceae,Eucalyptus,viridis,,viridis,,,,
TRUE,Eucalyptus agglomerata,APC,Eucalyptus agglomerata Maiden,legitimate,scientific,[],Eucalyptus agglomerata,Maiden,Species,190,sp.,Plantae,,,Myrtaceae,Eucalyptus,agglomerata,,agglomerata,,,,
TRUE,Eucalyptus aggregata,APC,Eucalyptus aggregata H.Deane & Maiden,legitimate,scientific,[],Eucalyptus aggregata,H.Deane & Maiden,Species,190,sp.,Plantae,,,Myrtaceae,Eucalyptus,aggregata,,aggregata,,,,
TRUE,Eucalyptus albens,APC,Eucalyptus albens Benth.,legitimate,scientific,[],Eucalyptus albens,Benth.,Species,190,sp.,Plantae,,,Myrtaceae,Eucalyptus,albens,,albens,,,,
TRUE,Eucalyptus amplifolia subsp. sessiliflora,APC,Eucalyptus amplifolia subsp. sessiliflora (Blakely) L.A.S.Johnson & K.D.Hill,legitimate,scientific,[],Eucalyptus amplifolia subsp. sessiliflora,(Blakely) L.A.S.Johnson & K.D.Hill,Subspecies,200,subsp.,Plantae,,,Myrtaceae,Eucalyptus,amplifolia,sessiliflora,sessiliflora,,,,
TRUE,Eucalyptus amplifolia subsp. amplifolia,APC,Eucalyptus amplifolia Naudin subsp. amplifolia,legitimate,autonym,[],Eucalyptus amplifolia subsp. amplifolia,,Subspecies,200,subsp.,Plantae,,,Myrtaceae,Eucalyptus,amplifolia,amplifolia,amplifolia,,,,
TRUE,Eucalyptus ancophila,APC,Eucalyptus ancophila L.A.S.Johnson & K.D.Hill,legitimate,scientific,[],Eucalyptus ancophila,L.A.S.Johnson & K.D.Hill,Species,190,sp.,Plantae,,,Myrtaceae,Eucalyptus,ancophila,,ancophila,,,,
TRUE,Eucalyptus andrewsii subsp. andrewsii,,Eucalyptus andrewsii Maiden subsp. andrewsii,legitimate,autonym,[],Eucalyptus andrewsii subsp. andrewsii,,Subspecies,200,subsp.,Plantae,,,Myrtaceae,Eucalyptus,andrewsii,andrewsii,andrewsii,,,,
TRUE,Eucalyptus angophoroides,APC,Eucalyptus angophoroides R.T.Baker,legitimate,scientific,[],Eucalyptus angophoroides,R.T.Baker,Species,190,sp.,Plantae,,,Myrtaceae,Eucalyptus,angophoroides,,angophoroides,,,,
TRUE,Eucalyptus apiculata,APC,Eucalyptus apiculata R.T.Baker & H.G.Sm.,legitimate,scientific,[],Eucalyptus apiculata,R.T.Baker & H.G.Sm.,Species,190,sp.,Plantae,,,Myrtaceae,Eucalyptus,apiculata,,apiculata,,,,
TRUE,Eucalyptus apothalassica,APC,Eucalyptus apothalassica L.A.S.Johnson & K.D.Hill,legitimate,scientific,[],Eucalyptus apothalassica,L.A.S.Johnson & K.D.Hill,Species,190,sp.,Plantae,,,Myrtaceae,Eucalyptus,apothalassica,,apothalassica,,,,
TRUE,Eucalyptus approximans subsp. approximans,,Eucalyptus approximans Maiden subsp. approximans,legitimate,autonym,[],Eucalyptus approximans subsp. approximans,,Subspecies,200,subsp.,Plantae,,,Myrtaceae,Eucalyptus,approximans,approximans,approximans,,,,
TRUE,Eucalyptus camphora subsp. camphora,APC,Eucalyptus camphora R.T.Baker subsp. camphora,legitimate,autonym,[],Eucalyptus camphora subsp. camphora,,Subspecies,200,subsp.,Plantae,,,Myrtaceae,Eucalyptus,camphora,camphora,camphora,,,,
TRUE,Eucalyptus badjensis,APC,Eucalyptus badjensis Beuzev. & M.B.Welch,legitimate,scientific,[],Eucalyptus badjensis,Beuzev. & M.B.Welch,Species,190,sp.,Plantae,,,Myrtaceae,Eucalyptus,badjensis,,badjensis,,,,
TRUE,Eucalyptus baeuerlenii,APC,Eucalyptus baeuerlenii F.Muell.,legitimate,scientific,[],Eucalyptus baeuerlenii,F.Muell.,Species,190,sp.,Plantae,,,Myrtaceae,Eucalyptus,baeuerlenii,,baeuerlenii,,,,
TRUE,Eucalyptus baileyana,APC,Eucalyptus baileyana F.Muell.,legitimate,scientific,[],Eucalyptus baileyana,F.Muell.,Species,190,sp.,Plantae,,,Myrtaceae,Eucalyptus,baileyana,,baileyana,,,,
TRUE,Eucalyptus bakeri,APC,Eucalyptus bakeri Maiden,legitimate,scientific,[],Eucalyptus bakeri,Maiden,Species,190,sp.,Plantae,,,Myrtaceae,Eucalyptus,bakeri,,bakeri,,,,
TRUE,Eucalyptus bancroftii,APC,Eucalyptus bancroftii (Maiden) Maiden,legitimate,scientific,[],Eucalyptus bancroftii,(Maiden) Maiden,Species,190,sp.,Plantae,,,Myrtaceae,Eucalyptus,bancroftii,,bancroftii,,,,
TRUE,Eucalyptus banksii,APC,Eucalyptus banksii Maiden,legitimate,scientific,[],Eucalyptus banksii,Maiden,Species,190,sp.,Plantae,,,Myrtaceae,Eucalyptus,banksii,,banksii,,,,
TRUE,Eucalyptus baueriana,APC,Eucalyptus baueriana Schauer,legitimate,scientific,[],Eucalyptus baueriana,Schauer,Species,190,sp.,Plantae,,,Myrtaceae,Eucalyptus,baueriana,,baueriana,,,,
TRUE,Eucalyptus baxteri,APC,Eucalyptus baxteri (Benth.) Maiden & Blakely ex J.M.Black,legitimate,scientific,[],Eucalyptus baxteri,(Benth.) Maiden & Blakely ex J.M.Black,Species,190,sp.,Plantae,,,Myrtaceae,Eucalyptus,baxteri,,baxteri,,,,
TRUE,Eucalyptus behriana,APC,Eucalyptus behriana F.Muell.,legitimate,scientific,[],Eucalyptus behriana,F.Muell.,Species,190,sp.,Plantae,,,Myrtaceae,Eucalyptus,behriana,,behriana,,,,
TRUE,Eucalyptus bensonii,APC,Eucalyptus bensonii L.A.S.Johnson & K.D.Hill,legitimate,scientific,[],Eucalyptus bensonii,L.A.S.Johnson & K.D.Hill,Species,190,sp.,Plantae,,,Myrtaceae,Eucalyptus,bensonii,,bensonii,,,,
TRUE,Eucalyptus benthamii,APC,Eucalyptus benthamii Maiden & Cambage,legitimate,scientific,[],Eucalyptus benthamii,Maiden & Cambage,Species,190,sp.,Plantae,,,Myrtaceae,Eucalyptus,benthamii,,benthamii,,,,
FALSE,Eucalyptus beyeri,,not found,,,,,,,,,,,,,,,,,,,,
TRUE,Eucalyptus globulus subsp. bicostata,APC,"Eucalyptus globulus subsp. bicostata (Maiden, Blakely & Simmonds) J.B.Kirkp.",legitimate,scientific,[],Eucalyptus globulus subsp. bicostata,"(Maiden, Blakely & Simmonds) J.B.Kirkp.",Subspecies,200,subsp.,Plantae,,,Myrtaceae,Eucalyptus,globulus,bicostata,bicostata,,,,
TRUE,Eucalyptus blakelyi,APC,Eucalyptus blakelyi Maiden,legitimate,scientific,[],Eucalyptus blakelyi,Maiden,Species,190,sp.,Plantae,,,Myrtaceae,Eucalyptus,blakelyi,,blakelyi,,,,
TRUE,Eucalyptus blaxlandii,APC,Eucalyptus blaxlandii Maiden & Cambage,legitimate,scientific,[],Eucalyptus blaxlandii,Maiden & Cambage,Species,190,sp.,Plantae,,,Myrtaceae,Eucalyptus,blaxlandii,,blaxlandii,,,,
TRUE,Eucalyptus boliviana,APC,Eucalyptus boliviana J.B.Williams & K.D.Hill,legitimate,scientific,[],Eucalyptus boliviana,J.B.Williams & K.D.Hill,Species,190,sp.,Plantae,,,Myrtaceae,Eucalyptus,boliviana,,boliviana,,,,
TRUE,Eucalyptus bosistoana,APC,Eucalyptus bosistoana F.Muell.,legitimate,scientific,[],Eucalyptus bosistoana,F.Muell.,Species,190,sp.,Plantae,,,Myrtaceae,Eucalyptus,bosistoana,,bosistoana,,,,
TRUE,Eucalyptus botryoides,APC,Eucalyptus botryoides Sm.,legitimate,scientific,[],Eucalyptus botryoides,Sm.,Species,190,sp.,Plantae,,,Myrtaceae,Eucalyptus,botryoides,,botryoides,,,,
TRUE,Eucalyptus bridgesiana,APC,Eucalyptus bridgesiana R.T.Baker,legitimate,scientific,[],Eucalyptus bridgesiana,R.T.Baker,Species,190,sp.,Plantae,,,Myrtaceae,Eucalyptus,bridgesiana,,bridgesiana,,,,
TRUE,Eucalyptus burgessiana,APC,Eucalyptus burgessiana L.A.S.Johnson & Blaxell,legitimate,scientific,[],Eucalyptus burgessiana,L.A.S.Johnson & Blaxell,Species,190,sp.,Plantae,,,Myrtaceae,Eucalyptus,burgessiana,,burgessiana,,,,
TRUE,Eucalyptus caleyi subsp. caleyi,APC,Eucalyptus caleyi Maiden subsp. caleyi,legitimate,autonym,[],Eucalyptus caleyi subsp. caleyi,,Subspecies,200,subsp.,Plantae,,,Myrtaceae,Eucalyptus,caleyi,caleyi,caleyi,,,,
TRUE,Eucalyptus caleyi subsp. ovendenii,APC,Eucalyptus caleyi subsp. ovendenii L.A.S.Johnson & K.D.Hill,legitimate,scientific,[],Eucalyptus caleyi subsp. ovendenii,L.A.S.Johnson & K.D.Hill,Subspecies,200,subsp.,Plantae,,,Myrtaceae,Eucalyptus,caleyi,ovendenii,ovendenii,,,,
TRUE,Eucalyptus caliginosa,APC,Eucalyptus caliginosa Blakely & McKie,legitimate,scientific,[],Eucalyptus caliginosa,Blakely & McKie,Species,190,sp.,Plantae,,,Myrtaceae,Eucalyptus,caliginosa,,caliginosa,,,,
TRUE,Eucalyptus calycogona subsp. trachybasis,APC,Eucalyptus calycogona subsp. trachybasis D.Nicolle,legitimate,scientific,[],Eucalyptus calycogona subsp. trachybasis,D.Nicolle,Subspecies,200,subsp.,Plantae,,,Myrtaceae,Eucalyptus,calycogona,trachybasis,trachybasis,,,,
TRUE,Eucalyptus camaldulensis subsp. camaldulensis,APC,Eucalyptus camaldulensis Dehnh. subsp. camaldulensis,legitimate,autonym,[],Eucalyptus camaldulensis subsp. camaldulensis,,Subspecies,200,subsp.,Plantae,,,Myrtaceae,Eucalyptus,camaldulensis,camaldulensis,camaldulensis,,,,
TRUE,Eucalyptus cameronii,APC,Eucalyptus cameronii Blakely & McKie,legitimate,scientific,[],Eucalyptus cameronii,Blakely & McKie,Species,190,sp.,Plantae,,,Myrtaceae,Eucalyptus,cameronii,,cameronii,,,,
TRUE,Eucalyptus camfieldii,APC,Eucalyptus camfieldii Maiden,legitimate,scientific,[],Eucalyptus camfieldii,Maiden,Species,190,sp.,Plantae,,,Myrtaceae,Eucalyptus,camfieldii,,camfieldii,,,,
TRUE,Eucalyptus andrewsii subsp. campanulata,,Eucalyptus andrewsii subsp. campanulata (R.T.Baker & H.G.Sm.) L.A.S.Johnson & Blaxell,legitimate,scientific,[],Eucalyptus andrewsii subsp. campanulata,(R.T.Baker & H.G.Sm.) L.A.S.Johnson & Blaxell,Subspecies,200,subsp.,Plantae,,,Myrtaceae,Eucalyptus,andrewsii,campanulata,campanulata,,,,
TRUE,Eucalyptus camphora subsp. humeana,APC,Eucalyptus camphora subsp. humeana L.A.S.Johnson & K.D.Hill,legitimate,scientific,[],Eucalyptus camphora subsp. humeana,L.A.S.Johnson & K.D.Hill,Subspecies,200,subsp.,Plantae,,,Myrtaceae,Eucalyptus,camphora,humeana,humeana,,,,
TRUE,Eucalyptus canaliculata,APC,Eucalyptus canaliculata Maiden,legitimate,scientific,[],Eucalyptus canaliculata,Maiden,Species,190,sp.,Plantae,,,Myrtaceae,Eucalyptus,canaliculata,,canaliculata,,,,
TRUE,Eucalyptus macrorhyncha subsp. cannonii,APC,Eucalyptus macrorhyncha subsp. cannonii (R.T.Baker) L.A.S.Johnson & Blaxell,legitimate,scientific,[],Eucalyptus macrorhyncha subsp. cannonii,(R.T.Baker) L.A.S.Johnson & Blaxell,Subspecies,200,subsp.,Plantae,,,Myrtaceae,Eucalyptus,macrorhyncha,cannonii,cannonii,,,,
TRUE,Eucalyptus canobolensis,APC,Eucalyptus canobolensis (L.A.S.Johnson & K.D.Hill) J.T.Hunter,legitimate,scientific,[],Eucalyptus canobolensis,(L.A.S.Johnson & K.D.Hill) J.T.Hunter,Species,190,sp.,Plantae,,,Myrtaceae,Eucalyptus,canobolensis,,canobolensis,,,,
TRUE,Eucalyptus capitellata,APC,Eucalyptus capitellata Sm.,legitimate,scientific,[],Eucalyptus capitellata,Sm.,Species,190,sp.,Plantae,,,Myrtaceae,Eucalyptus,capitellata,,capitellata,,,,
TRUE,Eucalyptus carnea,APC,Eucalyptus carnea R.T.Baker,legitimate,scientific,[],Eucalyptus carnea,R.T.Baker,Species,190,sp.,Plantae,,,Myrtaceae,Eucalyptus,carnea,,carnea,,,,
TRUE,Eucalyptus chapmaniana,APC,Eucalyptus chapmaniana Cameron,legitimate,scientific,[],Eucalyptus chapmaniana,Cameron,Species,190,sp.,Plantae,,,Myrtaceae,Eucalyptus,chapmaniana,,chapmaniana,,,,
TRUE,Eucalyptus chloroclada,APC,Eucalyptus chloroclada (Blakely) L.A.S.Johnson & K.D.Hill,legitimate,scientific,[],Eucalyptus chloroclada,(Blakely) L.A.S.Johnson & K.D.Hill,Species,190,sp.,Plantae,,,Myrtaceae,Eucalyptus,chloroclada,,chloroclada,,,,
TRUE,Eucalyptus cladocalyx,APC,Eucalyptus cladocalyx F.Muell.,legitimate,scientific,[],Eucalyptus cladocalyx,F.Muell.,Species,190,sp.,Plantae,,,Myrtaceae,Eucalyptus,cladocalyx,,cladocalyx,,,,
TRUE,Eucalyptus approximans subsp. codonocarpa,,Eucalyptus approximans subsp. codonocarpa (Blakely & McKie) L.A.S.Johnson & Blaxell,legitimate,scientific,[],Eucalyptus approximans subsp. codonocarpa,(Blakely & McKie) L.A.S.Johnson & Blaxell,Subspecies,200,subsp.,Plantae,,,Myrtaceae,Eucalyptus,approximans,codonocarpa,codonocarpa,,,,
TRUE,Eucalyptus conica,APC,Eucalyptus conica H.Deane & Maiden,legitimate,scientific,[],Eucalyptus conica,H.Deane & Maiden,Species,190,sp.,Plantae,,,Myrtaceae,Eucalyptus,conica,,conica,,,,
TRUE,Eucalyptus consideniana,APC,Eucalyptus consideniana Maiden,legitimate,scientific,[],Eucalyptus consideniana,Maiden,Species,190,sp.,Plantae,,,Myrtaceae,Eucalyptus,consideniana,,consideniana,,,,
FALSE,Eucalyptus conspicua subsp. conspicua,,not found,,,,,,,,,,,,,,,,,,,,
TRUE,Eucalyptus coolabah,APC,Eucalyptus coolabah Blakely & Jacobs,legitimate,scientific,[],Eucalyptus coolabah,Blakely & Jacobs,Species,190,sp.,Plantae,,,Myrtaceae,Eucalyptus,coolabah,,coolabah,,,,
TRUE,Eucalyptus corticosa,APC,Eucalyptus corticosa L.A.S.Johnson,legitimate,scientific,[],Eucalyptus corticosa,L.A.S.Johnson,Species,190,sp.,Plantae,,,Myrtaceae,Eucalyptus,corticosa,,corticosa,,,,
TRUE,Eucalyptus incrassata,APC,Eucalyptus incrassata Labill.,legitimate,scientific,[],Eucalyptus incrassata,Labill.,Species,190,sp.,Plantae,,,Myrtaceae,Eucalyptus,incrassata,,incrassata,,,,
TRUE,Eucalyptus crebra,APC,Eucalyptus crebra F.Muell.,legitimate,scientific,[],Eucalyptus crebra,F.Muell.,Species,190,sp.,Plantae,,,Myrtaceae,Eucalyptus,crebra,,crebra,,,,
TRUE,Eucalyptus crenulata,APC,Eucalyptus crenulata Blakely & Beuzev.,legitimate,scientific,[],Eucalyptus crenulata,Blakely & Beuzev.,Species,190,sp.,Plantae,,,Myrtaceae,Eucalyptus,crenulata,,crenulata,,,,
TRUE,Eucalyptus croajingolensis,APC,Eucalyptus croajingolensis L.A.S.Johnson & K.D.Hill,legitimate,scientific,[],Eucalyptus croajingolensis,L.A.S.Johnson & K.D.Hill,Species,190,sp.,Plantae,,,Myrtaceae,Eucalyptus,croajingolensis,,croajingolensis,,,,
TRUE,Eucalyptus cunninghamii,APC,Eucalyptus cunninghamii Sweet,legitimate,scientific,[],Eucalyptus cunninghamii,Sweet,Species,190,sp.,Plantae,,,Myrtaceae,Eucalyptus,cunninghamii,,cunninghamii,,,,
TRUE,Eucalyptus cyanophylla,APC,Eucalyptus cyanophylla Brooker,legitimate,scientific,[],Eucalyptus cyanophylla,Brooker,Species,190,sp.,Plantae,,,Myrtaceae,Eucalyptus,cyanophylla,,cyanophylla,,,,
TRUE,Eucalyptus cypellocarpa,APC,Eucalyptus cypellocarpa L.A.S.Johnson,legitimate,scientific,[],Eucalyptus cypellocarpa,L.A.S.Johnson,Species,190,sp.,Plantae,,,Myrtaceae,Eucalyptus,cypellocarpa,,cypellocarpa,,,,
TRUE,Eucalyptus dalrympleana subsp. dalrympleana,APC,Eucalyptus dalrympleana Maiden subsp. dalrympleana,legitimate,autonym,[],Eucalyptus dalrympleana subsp. dalrympleana,,Subspecies,200,subsp.,Plantae,,,Myrtaceae,Eucalyptus,dalrympleana,dalrympleana,dalrympleana,,,,
TRUE,Eucalyptus dalrympleana subsp. heptantha,APC,Eucalyptus dalrympleana subsp. heptantha L.A.S.Johnson,legitimate,scientific,[],Eucalyptus dalrympleana subsp. heptantha,L.A.S.Johnson,Subspecies,200,subsp.,Plantae,,,Myrtaceae,Eucalyptus,dalrympleana,heptantha,heptantha,,,,
TRUE,Eucalyptus dawsonii,APC,Eucalyptus dawsonii R.T.Baker,legitimate,scientific,[],Eucalyptus dawsonii,R.T.Baker,Species,190,sp.,Plantae,,,Myrtaceae,Eucalyptus,dawsonii,,dawsonii,,,,
TRUE,Eucalyptus dealbata,APC,Eucalyptus dealbata A.Cunn. ex Schauer,legitimate,scientific,[],Eucalyptus dealbata,A.Cunn. ex Schauer,Species,190,sp.,Plantae,,,Myrtaceae,Eucalyptus,dealbata,,dealbata,,,,
TRUE,Eucalyptus deanei,APC,Eucalyptus deanei Maiden,legitimate,scientific,[],Eucalyptus deanei,Maiden,Species,190,sp.,Plantae,,,Myrtaceae,Eucalyptus,deanei,,deanei,,,,
TRUE,Eucalyptus pauciflora subsp. debeuzevillei,APC,Eucalyptus pauciflora subsp. debeuzevillei (Maiden) L.A.S.Johnson & Blaxell,legitimate,scientific,[],Eucalyptus pauciflora subsp. debeuzevillei,(Maiden) L.A.S.Johnson & Blaxell,Subspecies,200,subsp.,Plantae,,,Myrtaceae,Eucalyptus,pauciflora,debeuzevillei,debeuzevillei,,,,
TRUE,Eucalyptus delegatensis subsp. delegatensis,APC,Eucalyptus delegatensis R.T.Baker subsp. delegatensis,legitimate,autonym,[],Eucalyptus delegatensis subsp. delegatensis,,Subspecies,200,subsp.,Plantae,,,Myrtaceae,Eucalyptus,delegatensis,delegatensis,delegatensis,,,,
TRUE,Eucalyptus dendromorpha,APC,Eucalyptus dendromorpha (Blakely) L.A.S.Johnson & Blaxell,legitimate,scientific,[],Eucalyptus dendromorpha,(Blakely) L.A.S.Johnson & Blaxell,Species,190,sp.,Plantae,,,Myrtaceae,Eucalyptus,dendromorpha,,dendromorpha,,,,
TRUE,Eucalyptus moorei subsp. moorei,APC,Eucalyptus moorei Maiden & Cambage subsp. moorei,legitimate,autonym,[],Eucalyptus moorei subsp. moorei,,Subspecies,200,subsp.,Plantae,,,Myrtaceae,Eucalyptus,moorei,moorei,moorei,,,,
TRUE,Eucalyptus dives,APC,Eucalyptus dives Schauer,legitimate,scientific,[],Eucalyptus dives,Schauer,Species,190,sp.,Plantae,,,Myrtaceae,Eucalyptus,dives,,dives,,,,
TRUE,Eucalyptus dorrigoensis,APC,Eucalyptus dorrigoensis (Blakely) L.A.S.Johnson & K.D.Hill,legitimate,scientific,[],Eucalyptus dorrigoensis,(Blakely) L.A.S.Johnson & K.D.Hill,Species,190,sp.,Plantae,,,Myrtaceae,Eucalyptus,dorrigoensis,,dorrigoensis,,,,
TRUE,Eucalyptus dumosa,APC,Eucalyptus dumosa A.Cunn. ex J.Oxley,legitimate,scientific,[],Eucalyptus dumosa,A.Cunn. ex J.Oxley,Species,190,sp.,Plantae,,,Myrtaceae,Eucalyptus,dumosa,,dumosa,,,,
TRUE,Eucalyptus dunnii,APC,Eucalyptus dunnii Maiden,legitimate,scientific,[],Eucalyptus dunnii,Maiden,Species,190,sp.,Plantae,,,Myrtaceae,Eucalyptus,dunnii,,dunnii,,,,
TRUE,Eucalyptus dwyeri,APC,Eucalyptus dwyeri Maiden & Blakely,legitimate,scientific,[],Eucalyptus dwyeri,Maiden & Blakely,Species,190,sp.,Plantae,,,Myrtaceae,Eucalyptus,dwyeri,,dwyeri,,,,
TRUE,Eucalyptus elata,APC,Eucalyptus elata Dehnh.,legitimate,scientific,[],Eucalyptus elata,Dehnh.,Species,190,sp.,Plantae,,,Myrtaceae,Eucalyptus,elata,,elata,,,,
TRUE,Eucalyptus elliptica,APC,Eucalyptus elliptica (Blakely & McKie) L.A.S.Johnson & K.D.Hill,legitimate,scientific,[],Eucalyptus elliptica,(Blakely & McKie) L.A.S.Johnson & K.D.Hill,Species,190,sp.,Plantae,,,Myrtaceae,Eucalyptus,elliptica,,elliptica,,,,
TRUE,Eucalyptus eugenioides,APC,Eucalyptus eugenioides Sieber ex Spreng.,legitimate,scientific,[],Eucalyptus eugenioides,Sieber ex Spreng.,Species,190,sp.,Plantae,,,Myrtaceae,Eucalyptus,eugenioides,,eugenioides,,,,
TRUE,Eucalyptus expressa,APC,Eucalyptus expressa S.A.J.Bell & D.Nicolle,legitimate,scientific,[],Eucalyptus expressa,S.A.J.Bell & D.Nicolle,Species,190,sp.,Plantae,,,Myrtaceae,Eucalyptus,expressa,,expressa,,,,
TRUE,Eucalyptus exserta,APC,Eucalyptus exserta F.Muell.,legitimate,scientific,[],Eucalyptus exserta,F.Muell.,Species,190,sp.,Plantae,,,Myrtaceae,Eucalyptus,exserta,,exserta,,,,
TRUE,Eucalyptus fastigata,APC,Eucalyptus fastigata H.Deane & Maiden,legitimate,scientific,[],Eucalyptus fastigata,H.Deane & Maiden,Species,190,sp.,Plantae,,,Myrtaceae,Eucalyptus,fastigata,,fastigata,,,,
FALSE,Eucalyptus sp. Dorsiventralis,,not found,,,,,,,,,,,,,,,,,,,,
TRUE,Eucalyptus fibrosa subsp. fibrosa,APC,Eucalyptus fibrosa F.Muell. subsp. fibrosa,legitimate,autonym,[],Eucalyptus fibrosa subsp. fibrosa,,Subspecies,200,subsp.,Plantae,,,Myrtaceae,Eucalyptus,fibrosa,fibrosa,fibrosa,,,,
TRUE,Eucalyptus fraxinoides,APC,Eucalyptus fraxinoides H.Deane & Maiden,legitimate,scientific,[],Eucalyptus fraxinoides,H.Deane & Maiden,Species,190,sp.,Plantae,,,Myrtaceae,Eucalyptus,fraxinoides,,fraxinoides,,,,
TRUE,Eucalyptus fusiformis,APC,Eucalyptus fusiformis Boland & Kleinig,legitimate,scientific,[],Eucalyptus fusiformis,Boland & Kleinig,Species,190,sp.,Plantae,,,Myrtaceae,Eucalyptus,fusiformis,,fusiformis,,,,
TRUE,Eucalyptus gillii,APC,Eucalyptus gillii Maiden,legitimate,scientific,[],Eucalyptus gillii,Maiden,Species,190,sp.,Plantae,,,Myrtaceae,Eucalyptus,gillii,,gillii,,,,
TRUE,Eucalyptus glaucescens,APC,Eucalyptus glaucescens Maiden & Blakely,legitimate,scientific,[],Eucalyptus glaucescens,Maiden & Blakely,Species,190,sp.,Plantae,,,Myrtaceae,Eucalyptus,glaucescens,,glaucescens,,,,
TRUE,Eucalyptus glaucina,APC,Eucalyptus glaucina (Blakely) L.A.S.Johnson,legitimate,scientific,[],Eucalyptus glaucina,(Blakely) L.A.S.Johnson,Species,190,sp.,Plantae,,,Myrtaceae,Eucalyptus,glaucina,,glaucina,,,,
TRUE,Eucalyptus globoidea,APC,Eucalyptus globoidea Blakely,legitimate,scientific,[],Eucalyptus globoidea,Blakely,Species,190,sp.,Plantae,,,Myrtaceae,Eucalyptus,globoidea,,globoidea,,,,
TRUE,Eucalyptus goniocalyx subsp. goniocalyx,APC,Eucalyptus goniocalyx F.Muell. ex Miq. subsp. goniocalyx,legitimate,autonym,[],Eucalyptus goniocalyx subsp. goniocalyx,,Subspecies,200,subsp.,Plantae,,,Myrtaceae,Eucalyptus,goniocalyx,goniocalyx,goniocalyx,,,,
TRUE,Eucalyptus gracilis,APC,Eucalyptus gracilis F.Muell.,legitimate,scientific,[],Eucalyptus gracilis,F.Muell.,Species,190,sp.,Plantae,,,Myrtaceae,Eucalyptus,gracilis,,gracilis,,,,
TRUE,Eucalyptus grandis,APC,Eucalyptus grandis W.Hill,legitimate,scientific,[],Eucalyptus grandis,W.Hill,Species,190,sp.,Plantae,,,Myrtaceae,Eucalyptus,grandis,,grandis,,,,
TRUE,Eucalyptus gregsoniana,APC,Eucalyptus gregsoniana L.A.S.Johnson & Blaxell,legitimate,scientific,[],Eucalyptus gregsoniana,L.A.S.Johnson & Blaxell,Species,190,sp.,Plantae,,,Myrtaceae,Eucalyptus,gregsoniana,,gregsoniana,,,,
TRUE,Eucalyptus gunnii,APC,Eucalyptus gunnii Hook.f.,legitimate,scientific,[],Eucalyptus gunnii,Hook.f.,Species,190,sp.,Plantae,,,Myrtaceae,Eucalyptus,gunnii,,gunnii,,,,
TRUE,Eucalyptus haemastoma,APC,Eucalyptus haemastoma Sm.,legitimate,scientific,[],Eucalyptus haemastoma,Sm.,Species,190,sp.,Plantae,,,Myrtaceae,Eucalyptus,haemastoma,,haemastoma,,,,
TRUE,Eucalyptus hypostomatica,APC,Eucalyptus hypostomatica L.A.S.Johnson & K.D.Hill,legitimate,scientific,[],Eucalyptus hypostomatica,L.A.S.Johnson & K.D.Hill,Species,190,sp.,Plantae,,,Myrtaceae,Eucalyptus,hypostomatica,,hypostomatica,,,,
TRUE,Eucalyptus ignorabilis,APC,Eucalyptus ignorabilis L.A.S.Johnson & K.D.Hill,legitimate,scientific,[],Eucalyptus ignorabilis,L.A.S.Johnson & K.D.Hill,Species,190,sp.,Plantae,,,Myrtaceae,Eucalyptus,ignorabilis,,ignorabilis,,,,
TRUE,Eucalyptus imitans,APC,Eucalyptus imitans L.A.S.Johnson & K.D.Hill,legitimate,scientific,[],Eucalyptus imitans,L.A.S.Johnson & K.D.Hill,Species,190,sp.,Plantae,,,Myrtaceae,Eucalyptus,imitans,,imitans,,,,
TRUE,Eucalyptus interstans,APC,Eucalyptus interstans L.A.S.Johnson & K.D.Hill,legitimate,scientific,[],Eucalyptus interstans,L.A.S.Johnson & K.D.Hill,Species,190,sp.,Plantae,,,Myrtaceae,Eucalyptus,interstans,,interstans,,,,
TRUE,Eucalyptus intertexta,APC,Eucalyptus intertexta R.T.Baker,legitimate,scientific,[],Eucalyptus intertexta,R.T.Baker,Species,190,sp.,Plantae,,,Myrtaceae,Eucalyptus,intertexta,,intertexta,,,,
TRUE,Eucalyptus kartzoffiana,APC,Eucalyptus kartzoffiana L.A.S.Johnson & Blaxell,legitimate,scientific,[],Eucalyptus kartzoffiana,L.A.S.Johnson & Blaxell,Species,190,sp.,Plantae,,,Myrtaceae,Eucalyptus,kartzoffiana,,kartzoffiana,,,,
TRUE,Eucalyptus kybeanensis,APC,Eucalyptus kybeanensis Maiden & Cambage,legitimate,scientific,[],Eucalyptus kybeanensis,Maiden & Cambage,Species,190,sp.,Plantae,,,Myrtaceae,Eucalyptus,kybeanensis,,kybeanensis,,,,
TRUE,Eucalyptus lacrimans,APC,Eucalyptus lacrimans L.A.S.Johnson & K.D.Hill,legitimate,scientific,[],Eucalyptus lacrimans,L.A.S.Johnson & K.D.Hill,Species,190,sp.,Plantae,,,Myrtaceae,Eucalyptus,lacrimans,,lacrimans,,,,
TRUE,Eucalyptus laevopinea,APC,Eucalyptus laevopinea R.T.Baker,legitimate,scientific,[],Eucalyptus laevopinea,R.T.Baker,Species,190,sp.,Plantae,,,Myrtaceae,Eucalyptus,laevopinea,,laevopinea,,,,
TRUE,Eucalyptus langleyi,APC,Eucalyptus langleyi L.A.S.Johnson & Blaxell,legitimate,scientific,[],Eucalyptus langleyi,L.A.S.Johnson & Blaxell,Species,190,sp.,Plantae,,,Myrtaceae,Eucalyptus,langleyi,,langleyi,,,,
TRUE,Eucalyptus largeana,APC,Eucalyptus largeana Blakely,legitimate,scientific,[],Eucalyptus largeana,Blakely,Species,190,sp.,Plantae,,,Myrtaceae,Eucalyptus,largeana,,largeana,,,,
TRUE,Eucalyptus largiflorens,APC,Eucalyptus largiflorens F.Muell.,legitimate,scientific,[],Eucalyptus largiflorens,F.Muell.,Species,190,sp.,Plantae,,,Myrtaceae,Eucalyptus,largiflorens,,largiflorens,,,,
TRUE,Eucalyptus leptophylla,APC,Eucalyptus leptophylla F.Muell. ex Miq.,legitimate,scientific,[],Eucalyptus leptophylla,F.Muell. ex Miq.,Species,190,sp.,Plantae,,,Myrtaceae,Eucalyptus,leptophylla,,leptophylla,,,,
TRUE,Eucalyptus leucoxylon subsp. pruinosa,APC,Eucalyptus leucoxylon subsp. pruinosa (F.Muell. ex Miq.) Boland,legitimate,scientific,[],Eucalyptus leucoxylon subsp. pruinosa,(F.Muell. ex Miq.) Boland,Subspecies,200,subsp.,Plantae,,,Myrtaceae,Eucalyptus,leucoxylon,pruinosa,pruinosa,,,,
TRUE,Eucalyptus ligustrina,APC,Eucalyptus ligustrina DC.,legitimate,scientific,[],Eucalyptus ligustrina,DC.,Species,190,sp.,Plantae,,,Myrtaceae,Eucalyptus,ligustrina,,ligustrina,,,,
TRUE,Eucalyptus longifolia,APC,Eucalyptus longifolia Link,legitimate,scientific,[],Eucalyptus longifolia,Link,Species,190,sp.,Plantae,,,Myrtaceae,Eucalyptus,longifolia,,longifolia,,,,
TRUE,Eucalyptus luehmanniana,APC,Eucalyptus luehmanniana F.Muell.,legitimate,scientific,[],Eucalyptus luehmanniana,F.Muell.,Species,190,sp.,Plantae,,,Myrtaceae,Eucalyptus,luehmanniana,,luehmanniana,,,,
TRUE,Eucalyptus macarthurii,APC,Eucalyptus macarthurii H.Deane & Maiden,legitimate,scientific,[],Eucalyptus macarthurii,H.Deane & Maiden,Species,190,sp.,Plantae,,,Myrtaceae,Eucalyptus,macarthurii,,macarthurii,,,,
TRUE,Eucalyptus mackintii,APC,Eucalyptus mackintii Kottek,legitimate,scientific,[],Eucalyptus mackintii,Kottek,Species,190,sp.,Plantae,,,Myrtaceae,Eucalyptus,mackintii,,mackintii,,,,
TRUE,Eucalyptus macrorhyncha subsp. macrorhyncha,APC,Eucalyptus macrorhyncha F.Muell. ex Benth. subsp. macrorhyncha,legitimate,autonym,[],Eucalyptus macrorhyncha subsp. macrorhyncha,,Subspecies,200,subsp.,Plantae,,,Myrtaceae,Eucalyptus,macrorhyncha,macrorhyncha,macrorhyncha,,,,
TRUE,Eucalyptus magnificata,APC,Eucalyptus magnificata L.A.S.Johnson & K.D.Hill,legitimate,scientific,[],Eucalyptus magnificata,L.A.S.Johnson & K.D.Hill,Species,190,sp.,Plantae,,,Myrtaceae,Eucalyptus,magnificata,,magnificata,,,,
TRUE,Eucalyptus globulus subsp. maidenii,APC,Eucalyptus globulus subsp. maidenii (F.Muell.) J.B.Kirkp.,legitimate,scientific,[],Eucalyptus globulus subsp. maidenii,(F.Muell.) J.B.Kirkp.,Subspecies,200,subsp.,Plantae,,,Myrtaceae,Eucalyptus,globulus,maidenii,maidenii,,,,
TRUE,Eucalyptus major,APC,Eucalyptus major (Maiden) Blakely,legitimate,scientific,[],Eucalyptus major,(Maiden) Blakely,Species,190,sp.,Plantae,,,Myrtaceae,Eucalyptus,major,,major,,,,
TRUE,Eucalyptus malacoxylon,APC,Eucalyptus malacoxylon Blakely,legitimate,scientific,[],Eucalyptus malacoxylon,Blakely,Species,190,sp.,Plantae,,,Myrtaceae,Eucalyptus,malacoxylon,,malacoxylon,,,,
TRUE,Eucalyptus mannifera subsp. gullickii,APC,Eucalyptus mannifera subsp. gullickii (R.T.Baker & H.G.Sm.) L.A.S.Johnson,legitimate,scientific,[],Eucalyptus mannifera subsp. gullickii,(R.T.Baker & H.G.Sm.) L.A.S.Johnson,Subspecies,200,subsp.,Plantae,,,Myrtaceae,Eucalyptus,mannifera,gullickii,gullickii,,,,
TRUE,Eucalyptus mannifera subsp. mannifera,APC,Eucalyptus mannifera Mudie subsp. mannifera,legitimate,autonym,[],Eucalyptus mannifera subsp. mannifera,,Subspecies,200,subsp.,Plantae,,,Myrtaceae,Eucalyptus,mannifera,mannifera,mannifera,,,,
TRUE,Eucalyptus mckieana,APC,Eucalyptus mckieana Blakely,legitimate,scientific,[],Eucalyptus mckieana,Blakely,Species,190,sp.,Plantae,,,Myrtaceae,Eucalyptus,mckieana,,mckieana,,,,
TRUE,Eucalyptus melanophloia subsp. melanophloia,APC,Eucalyptus melanophloia F.Muell. subsp. melanophloia,legitimate,autonym,[],Eucalyptus melanophloia subsp. melanophloia,,Subspecies,200,subsp.,Plantae,,,Myrtaceae,Eucalyptus,melanophloia,melanophloia,melanophloia,,,,
TRUE,Eucalyptus melliodora,APC,Eucalyptus melliodora A.Cunn. ex Schauer,legitimate,scientific,[],Eucalyptus melliodora,A.Cunn. ex Schauer,Species,190,sp.,Plantae,,,Myrtaceae,Eucalyptus,melliodora,,melliodora,,,,
TRUE,Eucalyptus michaeliana,APC,Eucalyptus michaeliana Blakely,legitimate,scientific,[],Eucalyptus michaeliana,Blakely,Species,190,sp.,Plantae,,,Myrtaceae,Eucalyptus,michaeliana,,michaeliana,,,,
TRUE,Eucalyptus microcarpa,APC,Eucalyptus microcarpa (Maiden) Maiden,legitimate,scientific,[],Eucalyptus microcarpa,(Maiden) Maiden,Species,190,sp.,Plantae,,,Myrtaceae,Eucalyptus,microcarpa,,microcarpa,,,,
TRUE,Eucalyptus microcorys,APC,Eucalyptus microcorys F.Muell.,legitimate,scientific,[],Eucalyptus microcorys,F.Muell.,Species,190,sp.,Plantae,,,Myrtaceae,Eucalyptus,microcorys,,microcorys,,,,
TRUE,Eucalyptus moluccana,APC,Eucalyptus moluccana Roxb.,legitimate,scientific,[],Eucalyptus moluccana,Roxb.,Species,190,sp.,Plantae,,,Myrtaceae,Eucalyptus,moluccana,,moluccana,,,,
TRUE,Eucalyptus morrisii,APC,Eucalyptus morrisii R.T.Baker,legitimate,scientific,[],Eucalyptus morrisii,R.T.Baker,Species,190,sp.,Plantae,,,Myrtaceae,Eucalyptus,morrisii,,morrisii,,,,
TRUE,Eucalyptus muelleriana,APC,Eucalyptus muelleriana A.W.Howitt,legitimate,scientific,[],Eucalyptus muelleriana,A.W.Howitt,Species,190,sp.,Plantae,,,Myrtaceae,Eucalyptus,muelleriana,,muelleriana,,,,
TRUE,Eucalyptus multicaulis,APC,Eucalyptus multicaulis Blakely,legitimate,scientific,[],Eucalyptus multicaulis,Blakely,Species,190,sp.,Plantae,,,Myrtaceae,Eucalyptus,multicaulis,,multicaulis,,,,
TRUE,Eucalyptus nandewarica,APC,Eucalyptus nandewarica L.A.S.Johnson & K.D.Hill,legitimate,scientific,[],Eucalyptus nandewarica,L.A.S.Johnson & K.D.Hill,Species,190,sp.,Plantae,,,Myrtaceae,Eucalyptus,nandewarica,,nandewarica,,,,
TRUE,Eucalyptus nicholii,APC,Eucalyptus nicholii Maiden & Blakely,legitimate,scientific,[],Eucalyptus nicholii,Maiden & Blakely,Species,190,sp.,Plantae,,,Myrtaceae,Eucalyptus,nicholii,,nicholii,,,,
TRUE,Eucalyptus pauciflora subsp. niphophila,APC,Eucalyptus pauciflora subsp. niphophila (Maiden & Blakely) L.A.S.Johnson & Blaxell,legitimate,scientific,[],Eucalyptus pauciflora subsp. niphophila,(Maiden & Blakely) L.A.S.Johnson & Blaxell,Subspecies,200,subsp.,Plantae,,,Myrtaceae,Eucalyptus,pauciflora,niphophila,niphophila,,,,
TRUE,Eucalyptus nitens,APC,Eucalyptus nitens (H.Deane & Maiden) Maiden,legitimate,scientific,[],Eucalyptus nitens,(H.Deane & Maiden) Maiden,Species,190,sp.,Plantae,,,Myrtaceae,Eucalyptus,nitens,,nitens,,,,
TRUE,Eucalyptus nobilis,APC,Eucalyptus nobilis L.A.S.Johnson & K.D.Hill,legitimate,scientific,[],Eucalyptus nobilis,L.A.S.Johnson & K.D.Hill,Species,190,sp.,Plantae,,,Myrtaceae,Eucalyptus,nobilis,,nobilis,,,,
TRUE,Eucalyptus nortonii,APC,Eucalyptus nortonii (Blakely) L.A.S.Johnson,legitimate,scientific,[],Eucalyptus nortonii,(Blakely) L.A.S.Johnson,Species,190,sp.,Plantae,,,Myrtaceae,Eucalyptus,nortonii,,nortonii,,,,
TRUE,Eucalyptus notabilis,APC,Eucalyptus notabilis Maiden,legitimate,scientific,[],Eucalyptus notabilis,Maiden,Species,190,sp.,Plantae,,,Myrtaceae,Eucalyptus,notabilis,,notabilis,,,,
TRUE,Eucalyptus nova-anglica,APC,Eucalyptus nova-anglica H.Deane & Maiden,legitimate,scientific,[],Eucalyptus nova-anglica,H.Deane & Maiden,Species,190,sp.,Plantae,,,Myrtaceae,Eucalyptus,nova-anglica,,nova-anglica,,,,
FALSE,Eucalyptus fibrosa subsp. nubila,,not found,,,,,,,,,,,,,,,,,,,,
TRUE,Eucalyptus obliqua,APC,Eucalyptus obliqua L'Hér.,legitimate,scientific,[],Eucalyptus obliqua,L'Hér.,Species,190,sp.,Plantae,,,Myrtaceae,Eucalyptus,obliqua,,obliqua,,,,
TRUE,Eucalyptus obtusiflora,APC,Eucalyptus obtusiflora DC.,legitimate,scientific,[],Eucalyptus obtusiflora,DC.,Species,190,sp.,Plantae,,,Myrtaceae,Eucalyptus,obtusiflora,,obtusiflora,,,,
TRUE,Eucalyptus ochrophloia,APC,Eucalyptus ochrophloia F.Muell.,legitimate,scientific,[],Eucalyptus ochrophloia,F.Muell.,Species,190,sp.,Plantae,,,Myrtaceae,Eucalyptus,ochrophloia,,ochrophloia,,,,
TRUE,Eucalyptus oleosa subsp. oleosa,APC,Eucalyptus oleosa F.Muell. ex Miq. subsp. oleosa,legitimate,autonym,[],Eucalyptus oleosa subsp. oleosa,,Subspecies,200,subsp.,Plantae,,,Myrtaceae,Eucalyptus,oleosa,oleosa,oleosa,,,,
TRUE,Eucalyptus olida,APC,Eucalyptus olida L.A.S.Johnson & K.D.Hill,legitimate,scientific,[],Eucalyptus olida,L.A.S.Johnson & K.D.Hill,Species,190,sp.,Plantae,,,Myrtaceae,Eucalyptus,olida,,olida,,,,
TRUE,Eucalyptus olsenii,APC,Eucalyptus olsenii L.A.S.Johnson & Blaxell,legitimate,scientific,[],Eucalyptus olsenii,L.A.S.Johnson & Blaxell,Species,190,sp.,Plantae,,,Myrtaceae,Eucalyptus,olsenii,,olsenii,,,,
TRUE,Eucalyptus ophitica,APC,Eucalyptus ophitica L.A.S.Johnson & K.D.Hill,legitimate,scientific,[],Eucalyptus ophitica,L.A.S.Johnson & K.D.Hill,Species,190,sp.,Plantae,,,Myrtaceae,Eucalyptus,ophitica,,ophitica,,,,
TRUE,Eucalyptus oreades,APC,Eucalyptus oreades R.T.Baker,legitimate,scientific,[],Eucalyptus oreades,R.T.Baker,Species,190,sp.,Plantae,,,Myrtaceae,Eucalyptus,oreades,,oreades,,,,
TRUE,Eucalyptus pachycalyx subsp. waajensis,APC,Eucalyptus pachycalyx subsp. waajensis L.A.S.Johnson & K.D.Hill,legitimate,scientific,[],Eucalyptus pachycalyx subsp. waajensis,L.A.S.Johnson & K.D.Hill,Subspecies,200,subsp.,Plantae,,,Myrtaceae,Eucalyptus,pachycalyx,waajensis,waajensis,,,,
TRUE,Eucalyptus paliformis,APC,Eucalyptus paliformis L.A.S.Johnson & Blaxell,legitimate,scientific,[],Eucalyptus paliformis,L.A.S.Johnson & Blaxell,Species,190,sp.,Plantae,,,Myrtaceae,Eucalyptus,paliformis,,paliformis,,,,
TRUE,Eucalyptus panda,APC,Eucalyptus panda S.T.Blake,legitimate,scientific,[],Eucalyptus panda,S.T.Blake,Species,190,sp.,Plantae,,,Myrtaceae,Eucalyptus,panda,,panda,,,,
TRUE,Eucalyptus paniculata,APC,Eucalyptus paniculata Sm.,legitimate,scientific,[],Eucalyptus paniculata,Sm.,Species,190,sp.,Plantae,,,Myrtaceae,Eucalyptus,paniculata,,paniculata,,,,
TRUE,Eucalyptus parramattensis subsp. parramattensis,APC,Eucalyptus parramattensis E.C.Hall subsp. parramattensis,legitimate,autonym,[],Eucalyptus parramattensis subsp. parramattensis,,Subspecies,200,subsp.,Plantae,,,Myrtaceae,Eucalyptus,parramattensis,parramattensis,parramattensis,,,,
TRUE,Eucalyptus parramattensis subsp. decadens,APC,Eucalyptus parramattensis subsp. decadens L.A.S.Johnson & Blaxell,legitimate,scientific,[],Eucalyptus parramattensis subsp. decadens,L.A.S.Johnson & Blaxell,Subspecies,200,subsp.,Plantae,,,Myrtaceae,Eucalyptus,parramattensis,decadens,decadens,,,,
TRUE,Eucalyptus parvula,APC,Eucalyptus parvula L.A.S.Johnson & K.D.Hill,legitimate,scientific,[],Eucalyptus parvula,L.A.S.Johnson & K.D.Hill,Species,190,sp.,Plantae,,,Myrtaceae,Eucalyptus,parvula,,parvula,,,,
TRUE,Eucalyptus pauciflora subsp. pauciflora,APC,Eucalyptus pauciflora Sieber ex Spreng. subsp. pauciflora,legitimate,autonym,[],Eucalyptus pauciflora subsp. pauciflora,,Subspecies,200,subsp.,Plantae,,,Myrtaceae,Eucalyptus,pauciflora,pauciflora,pauciflora,,,,
TRUE,Eucalyptus perriniana,APC,Eucalyptus perriniana F.Muell. ex Rodway,legitimate,scientific,[],Eucalyptus perriniana,F.Muell. ex Rodway,Species,190,sp.,Plantae,,,Myrtaceae,Eucalyptus,perriniana,,perriniana,,,,
TRUE,Eucalyptus woollsiana,APC,Eucalyptus woollsiana R.T.Baker,legitimate,scientific,[],Eucalyptus woollsiana,R.T.Baker,Species,190,sp.,Plantae,,,Myrtaceae,Eucalyptus,woollsiana,,woollsiana,,,,
TRUE,Eucalyptus pilularis,APC,Eucalyptus pilularis Sm.,legitimate,scientific,[],Eucalyptus pilularis,Sm.,Species,190,sp.,Plantae,,,Myrtaceae,Eucalyptus,pilularis,,pilularis,,,,
TRUE,Eucalyptus piperita subsp. piperita,,Eucalyptus piperita Sm. subsp. piperita,legitimate,autonym,[],Eucalyptus piperita subsp. piperita,,Subspecies,200,subsp.,Plantae,,,Myrtaceae,Eucalyptus,piperita,piperita,piperita,,,,
TRUE,Eucalyptus piperita subsp. urceolaris,,Eucalyptus piperita subsp. urceolaris (Maiden & Blakely) L.A.S.Johnson & Blaxell,legitimate,scientific,[],Eucalyptus piperita subsp. urceolaris,(Maiden & Blakely) L.A.S.Johnson & Blaxell,Subspecies,200,subsp.,Plantae,,,Myrtaceae,Eucalyptus,piperita,urceolaris,urceolaris,,,,
TRUE,Eucalyptus placita,APC,Eucalyptus placita L.A.S.Johnson & K.D.Hill,legitimate,scientific,[],Eucalyptus placita,L.A.S.Johnson & K.D.Hill,Species,190,sp.,Plantae,,,Myrtaceae,Eucalyptus,placita,,placita,,,,
TRUE,Eucalyptus planchoniana,APC,Eucalyptus planchoniana F.Muell.,legitimate,scientific,[],Eucalyptus planchoniana,F.Muell.,Species,190,sp.,Plantae,,,Myrtaceae,Eucalyptus,planchoniana,,planchoniana,,,,
TRUE,Eucalyptus polyanthemos subsp. polyanthemos,APC,Eucalyptus polyanthemos Schauer subsp. polyanthemos,legitimate,autonym,[],Eucalyptus polyanthemos subsp. polyanthemos,,Subspecies,200,subsp.,Plantae,,,Myrtaceae,Eucalyptus,polyanthemos,polyanthemos,polyanthemos,,,,
TRUE,Eucalyptus polyanthemos subsp. vestita,APC,Eucalyptus polyanthemos subsp. vestita L.A.S.Johnson & K.D.Hill,legitimate,scientific,[],Eucalyptus polyanthemos subsp. vestita,L.A.S.Johnson & K.D.Hill,Subspecies,200,subsp.,Plantae,,,Myrtaceae,Eucalyptus,polyanthemos,vestita,vestita,,,,
TRUE,Eucalyptus polybractea,APC,Eucalyptus polybractea R.T.Baker,legitimate,scientific,[],Eucalyptus polybractea,R.T.Baker,Species,190,sp.,Plantae,,,Myrtaceae,Eucalyptus,polybractea,,polybractea,,,,
TRUE,Eucalyptus populnea,APC,Eucalyptus populnea F.Muell.,legitimate,scientific,[],Eucalyptus populnea,F.Muell.,Species,190,sp.,Plantae,,,Myrtaceae,Eucalyptus,populnea,,populnea,,,,
TRUE,Eucalyptus porosa,APC,Eucalyptus porosa F.Muell. ex Miq.,legitimate,scientific,[],Eucalyptus porosa,F.Muell. ex Miq.,Species,190,sp.,Plantae,,,Myrtaceae,Eucalyptus,porosa,,porosa,,,,
TRUE,Eucalyptus mannifera subsp. praecox,APC,Eucalyptus mannifera subsp. praecox (Maiden) L.A.S.Johnson,legitimate,scientific,[],Eucalyptus mannifera subsp. praecox,(Maiden) L.A.S.Johnson,Subspecies,200,subsp.,Plantae,,,Myrtaceae,Eucalyptus,mannifera,praecox,praecox,,,,
TRUE,Eucalyptus prava,APC,Eucalyptus prava L.A.S.Johnson & K.D.Hill,legitimate,scientific,[],Eucalyptus prava,L.A.S.Johnson & K.D.Hill,Species,190,sp.,Plantae,,,Myrtaceae,Eucalyptus,prava,,prava,,,,
TRUE,Eucalyptus prominula,,Eucalyptus prominula L.A.S.Johnson & K.D.Hill,legitimate,scientific,[],Eucalyptus prominula,L.A.S.Johnson & K.D.Hill,Species,190,sp.,Plantae,,,Myrtaceae,Eucalyptus,prominula,,prominula,,,,
TRUE,Eucalyptus propinqua,APC,Eucalyptus propinqua H.Deane & Maiden,legitimate,scientific,[],Eucalyptus propinqua,H.Deane & Maiden,Species,190,sp.,Plantae,,,Myrtaceae,Eucalyptus,propinqua,,propinqua,,,,
TRUE,Eucalyptus psammitica,APC,Eucalyptus psammitica L.A.S.Johnson & K.D.Hill,legitimate,scientific,[],Eucalyptus psammitica,L.A.S.Johnson & K.D.Hill,Species,190,sp.,Plantae,,,Myrtaceae,Eucalyptus,psammitica,,psammitica,,,,
TRUE,Eucalyptus globulus subsp. pseudoglobulus,APC,Eucalyptus globulus subsp. pseudoglobulus (Naudin) J.B.Kirkp.,legitimate,scientific,[],Eucalyptus globulus subsp. pseudoglobulus,(Naudin) J.B.Kirkp.,Subspecies,200,subsp.,Plantae,,,Myrtaceae,Eucalyptus,globulus,pseudoglobulus,pseudoglobulus,,,,
TRUE,Eucalyptus pulverulenta,APC,Eucalyptus pulverulenta Sims,legitimate,scientific,[],Eucalyptus pulverulenta,Sims,Species,190,sp.,Plantae,,,Myrtaceae,Eucalyptus,pulverulenta,,pulverulenta,,,,
TRUE,Eucalyptus pumila,APC,Eucalyptus pumila Cambage,legitimate,scientific,[],Eucalyptus pumila,Cambage,Species,190,sp.,Plantae,,,Myrtaceae,Eucalyptus,pumila,,pumila,,,,
TRUE,Eucalyptus punctata,APC,Eucalyptus punctata DC.,legitimate,scientific,[],Eucalyptus punctata,DC.,Species,190,sp.,Plantae,,,Myrtaceae,Eucalyptus,punctata,,punctata,,,,
TRUE,Eucalyptus pyrocarpa,APC,Eucalyptus pyrocarpa L.A.S.Johnson & Blaxell,legitimate,scientific,[],Eucalyptus pyrocarpa,L.A.S.Johnson & Blaxell,Species,190,sp.,Plantae,,,Myrtaceae,Eucalyptus,pyrocarpa,,pyrocarpa,,,,
TRUE,Eucalyptus quadrangulata,APC,Eucalyptus quadrangulata H.Deane & Maiden,legitimate,scientific,[],Eucalyptus quadrangulata,H.Deane & Maiden,Species,190,sp.,Plantae,,,Myrtaceae,Eucalyptus,quadrangulata,,quadrangulata,,,,
TRUE,Eucalyptus racemosa subsp. racemosa,,Eucalyptus racemosa Cav. subsp. racemosa,legitimate,autonym,[],Eucalyptus racemosa subsp. racemosa,,Subspecies,200,subsp.,Plantae,,,Myrtaceae,Eucalyptus,racemosa,racemosa,racemosa,,,,
TRUE,Eucalyptus radiata subsp. radiata,APC,Eucalyptus radiata Sieber ex DC. subsp. radiata,legitimate,autonym,[],Eucalyptus radiata subsp. radiata,,Subspecies,200,subsp.,Plantae,,,Myrtaceae,Eucalyptus,radiata,radiata,radiata,,,,
TRUE,Eucalyptus radiata subsp. sejuncta,APC,Eucalyptus radiata subsp. sejuncta L.A.S.Johnson & K.D.Hill,legitimate,scientific,[],Eucalyptus radiata subsp. sejuncta,L.A.S.Johnson & K.D.Hill,Subspecies,200,subsp.,Plantae,,,Myrtaceae,Eucalyptus,radiata,sejuncta,sejuncta,,,,
TRUE,Eucalyptus recurva,APC,Eucalyptus recurva Crisp,legitimate,scientific,[],Eucalyptus recurva,Crisp,Species,190,sp.,Plantae,,,Myrtaceae,Eucalyptus,recurva,,recurva,,,,
TRUE,Eucalyptus resinifera subsp. hemilampra,APC,Eucalyptus resinifera subsp. hemilampra (F.Muell.) L.A.S.Johnson & K.D.Hill,legitimate,scientific,[],Eucalyptus resinifera subsp. hemilampra,(F.Muell.) L.A.S.Johnson & K.D.Hill,Subspecies,200,subsp.,Plantae,,,Myrtaceae,Eucalyptus,resinifera,hemilampra,hemilampra,,,,
TRUE,Eucalyptus resinifera subsp. resinifera,APC,Eucalyptus resinifera Sm. subsp. resinifera,legitimate,autonym,[],Eucalyptus resinifera subsp. resinifera,,Subspecies,200,subsp.,Plantae,,,Myrtaceae,Eucalyptus,resinifera,resinifera,resinifera,,,,
TRUE,Eucalyptus retinens,APC,Eucalyptus retinens L.A.S.Johnson & K.D.Hill,legitimate,scientific,[],Eucalyptus retinens,L.A.S.Johnson & K.D.Hill,Species,190,sp.,Plantae,,,Myrtaceae,Eucalyptus,retinens,,retinens,,,,
TRUE,Eucalyptus radiata subsp. robertsonii,APC,Eucalyptus radiata subsp. robertsonii (Blakely) L.A.S.Johnson & Blaxell,legitimate,scientific,[],Eucalyptus radiata subsp. robertsonii,(Blakely) L.A.S.Johnson & Blaxell,Subspecies,200,subsp.,Plantae,,,Myrtaceae,Eucalyptus,radiata,robertsonii,robertsonii,,,,
TRUE,Eucalyptus robusta,APC,Eucalyptus robusta Sm.,legitimate,scientific,[],Eucalyptus robusta,Sm.,Species,190,sp.,Plantae,,,Myrtaceae,Eucalyptus,robusta,,robusta,,,,
TRUE,Eucalyptus racemosa subsp. rossii,,Eucalyptus racemosa subsp. rossii (R.T.Baker & H.G.Sm.) B.E.Pfeil & Henwood,legitimate,scientific,[],Eucalyptus racemosa subsp. rossii,(R.T.Baker & H.G.Sm.) B.E.Pfeil & Henwood,Subspecies,200,subsp.,Plantae,,,Myrtaceae,Eucalyptus,racemosa,rossii,rossii,,,,
TRUE,Eucalyptus rubida subsp. barbigerorum,APC,Eucalyptus rubida subsp. barbigerorum L.A.S.Johnson & K.D.Hill,legitimate,scientific,[],Eucalyptus rubida subsp. barbigerorum,L.A.S.Johnson & K.D.Hill,Subspecies,200,subsp.,Plantae,,,Myrtaceae,Eucalyptus,rubida,barbigerorum,barbigerorum,,,,
TRUE,Eucalyptus rubida subsp. rubida,APC,Eucalyptus rubida H.Deane & Maiden subsp. rubida,legitimate,autonym,[],Eucalyptus rubida subsp. rubida,,Subspecies,200,subsp.,Plantae,,,Myrtaceae,Eucalyptus,rubida,rubida,rubida,,,,
TRUE,Eucalyptus rudderi,APC,Eucalyptus rudderi Maiden,legitimate,scientific,[],Eucalyptus rudderi,Maiden,Species,190,sp.,Plantae,,,Myrtaceae,Eucalyptus,rudderi,,rudderi,,,,
TRUE,Eucalyptus rummeryi,APC,Eucalyptus rummeryi Maiden,legitimate,scientific,[],Eucalyptus rummeryi,Maiden,Species,190,sp.,Plantae,,,Myrtaceae,Eucalyptus,rummeryi,,rummeryi,,,,
TRUE,Eucalyptus saligna,APC,Eucalyptus saligna Sm.,legitimate,scientific,[],Eucalyptus saligna,Sm.,Species,190,sp.,Plantae,,,Myrtaceae,Eucalyptus,saligna,,saligna,,,,
TRUE,Eucalyptus saxatilis,APC,Eucalyptus saxatilis J.B.Kirkp. & Brooker,legitimate,scientific,[],Eucalyptus saxatilis,J.B.Kirkp. & Brooker,Species,190,sp.,Plantae,,,Myrtaceae,Eucalyptus,saxatilis,,saxatilis,,,,
TRUE,Eucalyptus pellita,APC,Eucalyptus pellita F.Muell.,legitimate,scientific,[],Eucalyptus pellita,F.Muell.,Species,190,sp.,Plantae,,,Myrtaceae,Eucalyptus,pellita,,pellita,,,,
TRUE,Eucalyptus scias subsp. apoda,APC,Eucalyptus scias subsp. apoda L.A.S.Johnson & K.D.Hill,legitimate,scientific,[],Eucalyptus scias subsp. apoda,L.A.S.Johnson & K.D.Hill,Subspecies,200,subsp.,Plantae,,,Myrtaceae,Eucalyptus,scias,apoda,apoda,,,,
TRUE,Eucalyptus scias subsp. scias,APC,Eucalyptus scias L.A.S.Johnson & K.D.Hill subsp. scias,legitimate,autonym,[],Eucalyptus scias subsp. scias,,Subspecies,200,subsp.,Plantae,,,Myrtaceae,Eucalyptus,scias,scias,scias,,,,
TRUE,Eucalyptus scoparia,APC,Eucalyptus scoparia Maiden,legitimate,scientific,[],Eucalyptus scoparia,Maiden,Species,190,sp.,Plantae,,,Myrtaceae,Eucalyptus,scoparia,,scoparia,,,,
TRUE,Eucalyptus seeana,APC,Eucalyptus seeana Maiden,legitimate,scientific,[],Eucalyptus seeana,Maiden,Species,190,sp.,Plantae,,,Myrtaceae,Eucalyptus,seeana,,seeana,,,,
TRUE,Eucalyptus moorei subsp. serpentinicola,APC,Eucalyptus moorei subsp. serpentinicola (L.A.S.Johnson & Blaxell) Brooker & Kleinig,legitimate,scientific,[],Eucalyptus moorei subsp. serpentinicola,(L.A.S.Johnson & Blaxell) Brooker & Kleinig,Subspecies,200,subsp.,Plantae,,,Myrtaceae,Eucalyptus,moorei,serpentinicola,serpentinicola,,,,
TRUE,Eucalyptus siderophloia,APC,Eucalyptus siderophloia Benth.,legitimate,scientific,[],Eucalyptus siderophloia,Benth.,Species,190,sp.,Plantae,,,Myrtaceae,Eucalyptus,siderophloia,,siderophloia,,,,
TRUE,Eucalyptus sideroxylon,APC,Eucalyptus sideroxylon A.Cunn. ex Woolls,legitimate,scientific,[],Eucalyptus sideroxylon,A.Cunn. ex Woolls,Species,190,sp.,Plantae,,,Myrtaceae,Eucalyptus,sideroxylon,,sideroxylon,,,,
TRUE,Eucalyptus sieberi,APC,Eucalyptus sieberi L.A.S.Johnson,legitimate,scientific,[],Eucalyptus sieberi,L.A.S.Johnson,Species,190,sp.,Plantae,,,Myrtaceae,Eucalyptus,sieberi,,sieberi,,,,
TRUE,Eucalyptus smithii,APC,Eucalyptus smithii R.T.Baker,legitimate,scientific,[],Eucalyptus smithii,R.T.Baker,Species,190,sp.,Plantae,,,Myrtaceae,Eucalyptus,smithii,,smithii,,,,
TRUE,Eucalyptus socialis subsp. socialis,APC,Eucalyptus socialis F.Muell. ex Miq. subsp. socialis,legitimate,autonym,[],Eucalyptus socialis subsp. socialis,,Subspecies,200,subsp.,Plantae,,,Myrtaceae,Eucalyptus,socialis,socialis,socialis,,,,
TRUE,Eucalyptus sparsifolia,APC,Eucalyptus sparsifolia Blakely,legitimate,scientific,[],Eucalyptus sparsifolia,Blakely,Species,190,sp.,Plantae,,,Myrtaceae,Eucalyptus,sparsifolia,,sparsifolia,,,,
TRUE,Eucalyptus squamosa,APC,Eucalyptus squamosa H.Deane & Maiden,legitimate,scientific,[],Eucalyptus squamosa,H.Deane & Maiden,Species,190,sp.,Plantae,,,Myrtaceae,Eucalyptus,squamosa,,squamosa,,,,
TRUE,Eucalyptus stellulata,APC,Eucalyptus stellulata Sieber ex DC.,legitimate,scientific,[],Eucalyptus stellulata,Sieber ex DC.,Species,190,sp.,Plantae,,,Myrtaceae,Eucalyptus,stellulata,,stellulata,,,,
TRUE,Eucalyptus stenostoma,APC,Eucalyptus stenostoma L.A.S.Johnson & Blaxell,legitimate,scientific,[],Eucalyptus stenostoma,L.A.S.Johnson & Blaxell,Species,190,sp.,Plantae,,,Myrtaceae,Eucalyptus,stenostoma,,stenostoma,,,,
TRUE,Eucalyptus stricta,APC,Eucalyptus stricta Sieber ex Spreng.,legitimate,scientific,[],Eucalyptus stricta,Sieber ex Spreng.,Species,190,sp.,Plantae,,,Myrtaceae,Eucalyptus,stricta,,stricta,,,,
TRUE,Eucalyptus sturgissiana,APC,Eucalyptus sturgissiana L.A.S.Johnson & Blaxell,legitimate,scientific,[],Eucalyptus sturgissiana,L.A.S.Johnson & Blaxell,Species,190,sp.,Plantae,,,Myrtaceae,Eucalyptus,sturgissiana,,sturgissiana,,,,
TRUE,Eucalyptus tenella,APC,Eucalyptus tenella L.A.S.Johnson & K.D.Hill,legitimate,scientific,[],Eucalyptus tenella,L.A.S.Johnson & K.D.Hill,Species,190,sp.,Plantae,,,Myrtaceae,Eucalyptus,tenella,,tenella,,,,
TRUE,Eucalyptus tereticornis subsp. tereticornis,APC,Eucalyptus tereticornis Sm. subsp. tereticornis,legitimate,autonym,[],Eucalyptus tereticornis subsp. tereticornis,,Subspecies,200,subsp.,Plantae,,,Myrtaceae,Eucalyptus,tereticornis,tereticornis,tereticornis,,,,
TRUE,Eucalyptus tetrapleura,APC,Eucalyptus tetrapleura L.A.S.Johnson,legitimate,scientific,[],Eucalyptus tetrapleura,L.A.S.Johnson,Species,190,sp.,Plantae,,,Myrtaceae,Eucalyptus,tetrapleura,,tetrapleura,,,,
TRUE,Eucalyptus tindaliae,APC,Eucalyptus tindaliae Blakely,legitimate,scientific,[],Eucalyptus tindaliae,Blakely,Species,190,sp.,Plantae,,,Myrtaceae,Eucalyptus,tindaliae,,tindaliae,,,,
TRUE,Eucalyptus tricarpa,APC,Eucalyptus tricarpa (L.A.S.Johnson) L.A.S.Johnson & K.D.Hill,legitimate,scientific,[],Eucalyptus tricarpa,(L.A.S.Johnson) L.A.S.Johnson & K.D.Hill,Species,190,sp.,Plantae,,,Myrtaceae,Eucalyptus,tricarpa,,tricarpa,,,,
TRUE,Eucalyptus triflora,APC,Eucalyptus triflora (Maiden) Blakely,legitimate,scientific,[],Eucalyptus triflora,(Maiden) Blakely,Species,190,sp.,Plantae,,,Myrtaceae,Eucalyptus,triflora,,triflora,,,,
TRUE,Eucalyptus cinerea subsp. triplex,APC,"Eucalyptus cinerea subsp. triplex (L.A.S.Johnson & K.D.Hill) Brooker, Slee & J.D.Briggs",legitimate,scientific,[],Eucalyptus cinerea subsp. triplex,"(L.A.S.Johnson & K.D.Hill) Brooker, Slee & J.D.Briggs",Subspecies,200,subsp.,Plantae,,,Myrtaceae,Eucalyptus,cinerea,triplex,triplex,,,,
TRUE,Eucalyptus umbra,APC,Eucalyptus umbra R.T.Baker,legitimate,scientific,[],Eucalyptus umbra,R.T.Baker,Species,190,sp.,Plantae,,,Myrtaceae,Eucalyptus,umbra,,umbra,,,,
TRUE,Eucalyptus vicina,APC,Eucalyptus vicina L.A.S.Johnson & K.D.Hill,legitimate,scientific,[],Eucalyptus vicina,L.A.S.Johnson & K.D.Hill,Species,190,sp.,Plantae,,,Myrtaceae,Eucalyptus,vicina,,vicina,,,,
TRUE,Eucalyptus viminalis subsp. viminalis,APC,Eucalyptus viminalis Labill. subsp. viminalis,legitimate,autonym,[],Eucalyptus viminalis subsp. viminalis,,Subspecies,200,subsp.,Plantae,,,Myrtaceae,Eucalyptus,viminalis,viminalis,viminalis,,,,
TRUE,Eucalyptus volcanica,APC,Eucalyptus volcanica L.A.S.Johnson & K.D.Hill,legitimate,scientific,[],Eucalyptus volcanica,L.A.S.Johnson & K.D.Hill,Species,190,sp.,Plantae,,,Myrtaceae,Eucalyptus,volcanica,,volcanica,,,,
TRUE,Eucalyptus wilcoxii,APC,Eucalyptus wilcoxii Boland & Kleinig,legitimate,scientific,[],Eucalyptus wilcoxii,Boland & Kleinig,Species,190,sp.,Plantae,,,Myrtaceae,Eucalyptus,wilcoxii,,wilcoxii,,,,
TRUE,Eucalyptus williamsiana,APC,Eucalyptus williamsiana L.A.S.Johnson & K.D.Hill,legitimate,scientific,[],Eucalyptus williamsiana,L.A.S.Johnson & K.D.Hill,Species,190,sp.,Plantae,,,Myrtaceae,Eucalyptus,williamsiana,,williamsiana,,,,
TRUE,Eucalyptus youmanii,APC,Eucalyptus youmanii Blakely & McKie,legitimate,scientific,[],Eucalyptus youmanii,Blakely & McKie,Species,190,sp.,Plantae,,,Myrtaceae,Eucalyptus,youmanii,,youmanii,,,,
