RenamingType,Confirmed_name,Found?,Search term,Census,Matched name(s),Name status,Name type,Tags,canonicalName,scientificNameAuthorship,taxonRank,taxonRankSortOrder,taxonRankAbbreviation,kingdom,class,subclass,family,genericName,specificEpithet,infraspecificEpithet,nameElement,firstHybridParentName,firstHybridParentNameID,secondHybridParentName,secondHybridParentNameID
,Angophora bakeri,TRUE,Angophora bakeri,APC,Angophora bakeri E.C.Hall,legitimate,scientific,[],Angophora bakeri,E.C.Hall,Species,190,sp.,Plantae,,,Myrtaceae,Angophora,bakeri,,bakeri,,,,
,Angophora costata,TRUE,Angophora costata,APC,Angophora costata (Gaertn.) Britten,legitimate,scientific,[],Angophora costata,(Gaertn.) Britten,Species,190,sp.,Plantae,,,Myrtaceae,Angophora,costata,,costata,,,,
Nomenclatural synonym,Angophora bakeri subsp. crassifolia,TRUE,Angophora crassifolia,,Angophora crassifolia (G.J.Leach) L.A.S.Johnson & K.D.Hill,legitimate,scientific,[],Angophora crassifolia,(G.J.Leach) L.A.S.Johnson & K.D.Hill,Species,190,sp.,Plantae,,,Myrtaceae,Angophora,crassifolia,,crassifolia,,,,
Nomenclatural synonym,Angophora costata subsp. euryphylla,TRUE,Angophora euryphylla,,Angophora euryphylla (G.J.Leach) L.A.S.Johnson & K.D.Hill,legitimate,scientific,[],Angophora euryphylla,(G.J.Leach) L.A.S.Johnson & K.D.Hill,Species,190,sp.,Plantae,,,Myrtaceae,Angophora,euryphylla,,euryphylla,,,,
Taxonomic synonym,Angophora bakeri subsp. bakeri,TRUE,Angophora exul,,Angophora exul K.D.Hill,legitimate,scientific,[],Angophora exul,K.D.Hill,Species,190,sp.,Plantae,,,Myrtaceae,Angophora,exul,,exul,,,,
,Angophora floribunda,TRUE,Angophora floribunda,APC,Angophora floribunda (Sm.) Sweet,legitimate,scientific,[],Angophora floribunda,(Sm.) Sweet,Species,190,sp.,Plantae,,,Myrtaceae,Angophora,floribunda,,floribunda,,,,
Second species renamed A. bakeri subsp. bakeri,,FALSE,Angophora floribunda x paludosa,,not found,,,,,,,,,,,,,,,,,,,,
,Angophora hispida,TRUE,Angophora hispida,APC,Angophora hispida (Sm.) Blaxell,legitimate,scientific,[],Angophora hispida,(Sm.) Blaxell,Species,190,sp.,Plantae,,,Myrtaceae,Angophora,hispida,,hispida,,,,
,Angophora inopina,TRUE,Angophora inopina,APC,Angophora inopina K.D.Hill,legitimate,scientific,[],Angophora inopina,K.D.Hill,Species,190,sp.,Plantae,,,Myrtaceae,Angophora,inopina,,inopina,,,,
,Angophora leiocarpa,TRUE,Angophora leiocarpa,APC,Angophora leiocarpa (L.A.S.Johnson ex G.J.Leach) K.R.Thiele & Ladiges,legitimate,scientific,[],Angophora leiocarpa,(L.A.S.Johnson ex G.J.Leach) K.R.Thiele & Ladiges,Species,190,sp.,Plantae,,,Myrtaceae,Angophora,leiocarpa,,leiocarpa,,,,
,Angophora melanoxylon,TRUE,Angophora melanoxylon,APC,Angophora melanoxylon R.T.Baker,legitimate,scientific,[],Angophora melanoxylon,R.T.Baker,Species,190,sp.,Plantae,,,Myrtaceae,Angophora,melanoxylon,,melanoxylon,,,,
Taxonomic synonym,Angophora bakeri subsp. bakeri ,TRUE,Angophora paludosa,,Angophora paludosa (G.J.Leach) K.R.Thiele & Ladiges,legitimate,scientific,[],Angophora paludosa,(G.J.Leach) K.R.Thiele & Ladiges,Species,190,sp.,Plantae,,,Myrtaceae,Angophora,paludosa,,paludosa,,,,
,Angophora robur,TRUE,Angophora robur,APC,Angophora robur L.A.S.Johnson & K.D.Hill,legitimate,scientific,[],Angophora robur,L.A.S.Johnson & K.D.Hill,Species,190,sp.,Plantae,,,Myrtaceae,Angophora,robur,,robur,,,,
,,FALSE,Angophora robur x subvelutina,,not found,,,,,,,,,,,,,,,,,,,,
,,FALSE,Angophora spp.,,not found,,,,,,,,,,,,,,,,,,,,
,Angophora subvelutina,TRUE,Angophora subvelutina,APC,Angophora subvelutina F.Muell.,legitimate,scientific,[],Angophora subvelutina,F.Muell.,Species,190,sp.,Plantae,,,Myrtaceae,Angophora,subvelutina,,subvelutina,,,,
,Angophora woodsiana,TRUE,Angophora woodsiana,APC,Angophora woodsiana F.M.Bailey,legitimate,scientific,[],Angophora woodsiana,F.M.Bailey,Species,190,sp.,Plantae,,,Myrtaceae,Angophora,woodsiana,,woodsiana,,,,
,Corymbia citriodora,TRUE,Corymbia citriodora,APC,Corymbia citriodora (Hook.) K.D.Hill & L.A.S.Johnson,legitimate,scientific,[],Corymbia citriodora,(Hook.) K.D.Hill & L.A.S.Johnson,Species,190,sp.,Plantae,,,Myrtaceae,Corymbia,citriodora,,citriodora,,,,
Taxonomic synonym,Corymbia clarksoniana,TRUE,Corymbia dolichocarpa,,Corymbia dolichocarpa (D.J.Carr & S.G.M.Carr) K.D.Hill & L.A.S.Johnson,legitimate,scientific,[],Corymbia dolichocarpa,(D.J.Carr & S.G.M.Carr) K.D.Hill & L.A.S.Johnson,Species,190,sp.,Plantae,,,Myrtaceae,Corymbia,dolichocarpa,,dolichocarpa,,,,
,Corymbia eximia,TRUE,Corymbia eximia,APC,Corymbia eximia (Schauer) K.D.Hill & L.A.S.Johnson,legitimate,scientific,[],Corymbia eximia,(Schauer) K.D.Hill & L.A.S.Johnson,Species,190,sp.,Plantae,,,Myrtaceae,Corymbia,eximia,,eximia,,,,
,Corymbia gummifera,TRUE,Corymbia gummifera,APC,Corymbia gummifera (Gaertn.) K.D.Hill & L.A.S.Johnson,legitimate,scientific,[],Corymbia gummifera,(Gaertn.) K.D.Hill & L.A.S.Johnson,Species,190,sp.,Plantae,,,Myrtaceae,Corymbia,gummifera,,gummifera,,,,
,Corymbia henryi,TRUE,Corymbia henryi,APC,Corymbia henryi (S.T.Blake) K.D.Hill & L.A.S.Johnson,legitimate,scientific,[],Corymbia henryi,(S.T.Blake) K.D.Hill & L.A.S.Johnson,Species,190,sp.,Plantae,,,Myrtaceae,Corymbia,henryi,,henryi,,,,
,Corymbia intermedia,TRUE,Corymbia intermedia,APC,Corymbia intermedia (R.T.Baker) K.D.Hill & L.A.S.Johnson,legitimate,scientific,[],Corymbia intermedia,(R.T.Baker) K.D.Hill & L.A.S.Johnson,Species,190,sp.,Plantae,,,Myrtaceae,Corymbia,intermedia,,intermedia,,,,
,Corymbia maculata,TRUE,Corymbia maculata,APC,Corymbia maculata (Hook.) K.D.Hill & L.A.S.Johnson,legitimate,scientific,[],Corymbia maculata,(Hook.) K.D.Hill & L.A.S.Johnson,Species,190,sp.,Plantae,,,Myrtaceae,Corymbia,maculata,,maculata,,,,
Second species renamed C. citriodora,,FALSE,Corymbia maculata <--> variegata intergrade,,not found,,,,,,,,,,,,,,,,,,,,
,,FALSE,Corymbia spp.,,not found,,,,,,,,,,,,,,,,,,,,
,Corymbia tessellaris,TRUE,Corymbia tessellaris,APC,Corymbia tessellaris (F.Muell.) K.D.Hill & L.A.S.Johnson,legitimate,scientific,[],Corymbia tessellaris,(F.Muell.) K.D.Hill & L.A.S.Johnson,Species,190,sp.,Plantae,,,Myrtaceae,Corymbia,tessellaris,,tessellaris,,,,
,Corymbia torelliana,TRUE,Corymbia torelliana,APC,Corymbia torelliana (F.Muell.) K.D.Hill & L.A.S.Johnson,legitimate,scientific,[],Corymbia torelliana,(F.Muell.) K.D.Hill & L.A.S.Johnson,Species,190,sp.,Plantae,,,Myrtaceae,Corymbia,torelliana,,torelliana,,,,
,Corymbia trachyphloia,TRUE,Corymbia trachyphloia,APC,Corymbia trachyphloia (F.Muell.) K.D.Hill & L.A.S.Johnson,legitimate,scientific,[],Corymbia trachyphloia,(F.Muell.) K.D.Hill & L.A.S.Johnson,Species,190,sp.,Plantae,,,Myrtaceae,Corymbia,trachyphloia,,trachyphloia,,,,
Taxonomic synonym,Corymbia trachyphloia,TRUE,Corymbia trachyphloia subsp. amphistomatica,,Corymbia trachyphloia subsp. amphistomatica K.D.Hill & L.A.S.Johnson,legitimate,scientific,[],Corymbia trachyphloia subsp. amphistomatica,K.D.Hill & L.A.S.Johnson,Subspecies,200,subsp.,Plantae,,,Myrtaceae,Corymbia,trachyphloia,amphistomatica,amphistomatica,,,,
Nomenclatural synonym,Corymbia trachyphloia,TRUE,Corymbia trachyphloia subsp. trachyphloia,,Corymbia trachyphloia (F.Muell.) K.D.Hill & L.A.S.Johnson subsp. trachyphloia,legitimate,autonym,[],Corymbia trachyphloia subsp. trachyphloia,,Subspecies,200,subsp.,Plantae,,,Myrtaceae,Corymbia,trachyphloia,trachyphloia,trachyphloia,,,,
Taxonomic synonym,Corymbia terminalis,TRUE,Corymbia tumescens,,Corymbia tumescens K.D.Hill & L.A.S.Johnson,legitimate,scientific,[],Corymbia tumescens,K.D.Hill & L.A.S.Johnson,Species,190,sp.,Plantae,,,Myrtaceae,Corymbia,tumescens,,tumescens,,,,
Taxonomic synonym,Corymbia citriodora,TRUE,Corymbia variegata,,Corymbia variegata (F.Muell.) K.D.Hill & L.A.S.Johnson,legitimate,scientific,[],Corymbia variegata,(F.Muell.) K.D.Hill & L.A.S.Johnson,Species,190,sp.,Plantae,,,Myrtaceae,Corymbia,variegata,,variegata,,,,
,Eucalyptus acaciiformis,TRUE,Eucalyptus acaciiformis,APC,Eucalyptus acaciiformis H.Deane & Maiden,legitimate,scientific,[],Eucalyptus acaciiformis,H.Deane & Maiden,Species,190,sp.,Plantae,,,Myrtaceae,Eucalyptus,acaciiformis,,acaciiformis,,,,
,Eucalyptus acmenoides,TRUE,Eucalyptus acmenoides,APC,Eucalyptus acmenoides Schauer,legitimate,scientific,[],Eucalyptus acmenoides,Schauer,Species,190,sp.,Plantae,,,Myrtaceae,Eucalyptus,acmenoides,,acmenoides,,,,
Taxonomic synonym,Eucalyptus viridis,TRUE,Eucalyptus aenea,,Eucalyptus aenea K.D.Hill,legitimate,scientific,[],Eucalyptus aenea,K.D.Hill,Species,190,sp.,Plantae,,,Myrtaceae,Eucalyptus,aenea,,aenea,,,,
,Eucalyptus agglomerata,TRUE,Eucalyptus agglomerata,APC,Eucalyptus agglomerata Maiden,legitimate,scientific,[],Eucalyptus agglomerata,Maiden,Species,190,sp.,Plantae,,,Myrtaceae,Eucalyptus,agglomerata,,agglomerata,,,,
,Eucalyptus aggregata,TRUE,Eucalyptus aggregata,APC,Eucalyptus aggregata H.Deane & Maiden,legitimate,scientific,[],Eucalyptus aggregata,H.Deane & Maiden,Species,190,sp.,Plantae,,,Myrtaceae,Eucalyptus,aggregata,,aggregata,,,,
,Eucalyptus albens,TRUE,Eucalyptus albens,APC,Eucalyptus albens Benth.,legitimate,scientific,[],Eucalyptus albens,Benth.,Species,190,sp.,Plantae,,,Myrtaceae,Eucalyptus,albens,,albens,,,,
,,FALSE,Eucalyptus albens <--> moluccana,,not found,,,,,,,,,,,,,,,,,,,,
,,FALSE,Eucalyptus albens x crebra,,not found,,,,,,,,,,,,,,,,,,,,
,Eucalyptus amplifolia,TRUE,Eucalyptus amplifolia,APC,Eucalyptus amplifolia Naudin,legitimate,scientific,[],Eucalyptus amplifolia,Naudin,Species,190,sp.,Plantae,,,Myrtaceae,Eucalyptus,amplifolia,,amplifolia,,,,
,Eucalyptus amplifolia subsp. amplifolia,TRUE,Eucalyptus amplifolia subsp. amplifolia,APC,Eucalyptus amplifolia Naudin subsp. amplifolia,legitimate,autonym,[],Eucalyptus amplifolia subsp. amplifolia,,Subspecies,200,subsp.,Plantae,,,Myrtaceae,Eucalyptus,amplifolia,amplifolia,amplifolia,,,,
,Eucalyptus amplifolia subsp. sessiliflora,TRUE,Eucalyptus amplifolia subsp. sessiliflora,APC,Eucalyptus amplifolia subsp. sessiliflora (Blakely) L.A.S.Johnson & K.D.Hill,legitimate,scientific,[],Eucalyptus amplifolia subsp. sessiliflora,(Blakely) L.A.S.Johnson & K.D.Hill,Subspecies,200,subsp.,Plantae,,,Myrtaceae,Eucalyptus,amplifolia,sessiliflora,sessiliflora,,,,
,Eucalyptus ancophila,TRUE,Eucalyptus ancophila,APC,Eucalyptus ancophila L.A.S.Johnson & K.D.Hill,legitimate,scientific,[],Eucalyptus ancophila,L.A.S.Johnson & K.D.Hill,Species,190,sp.,Plantae,,,Myrtaceae,Eucalyptus,ancophila,,ancophila,,,,
,Eucalyptus andrewsii,TRUE,Eucalyptus andrewsii,APC,Eucalyptus andrewsii Maiden,legitimate,scientific,[],Eucalyptus andrewsii,Maiden,Species,190,sp.,Plantae,,,Myrtaceae,Eucalyptus,andrewsii,,andrewsii,,,,
,Eucalyptus angophoroides,TRUE,Eucalyptus angophoroides,APC,Eucalyptus angophoroides R.T.Baker,legitimate,scientific,[],Eucalyptus angophoroides,R.T.Baker,Species,190,sp.,Plantae,,,Myrtaceae,Eucalyptus,angophoroides,,angophoroides,,,,
,Eucalyptus apiculata,TRUE,Eucalyptus apiculata,APC,Eucalyptus apiculata R.T.Baker & H.G.Sm.,legitimate,scientific,[],Eucalyptus apiculata,R.T.Baker & H.G.Sm.,Species,190,sp.,Plantae,,,Myrtaceae,Eucalyptus,apiculata,,apiculata,,,,
,Eucalyptus apothalassica,TRUE,Eucalyptus apothalassica,APC,Eucalyptus apothalassica L.A.S.Johnson & K.D.Hill,legitimate,scientific,[],Eucalyptus apothalassica,L.A.S.Johnson & K.D.Hill,Species,190,sp.,Plantae,,,Myrtaceae,Eucalyptus,apothalassica,,apothalassica,,,,
,,FALSE,Eucalyptus apothalassica x chloroclada,,not found,,,,,,,,,,,,,,,,,,,,
,Eucalyptus approximans,TRUE,Eucalyptus approximans,APC,Eucalyptus approximans Maiden,legitimate,scientific,[],Eucalyptus approximans,Maiden,Species,190,sp.,Plantae,,,Myrtaceae,Eucalyptus,approximans,,approximans,,,,
,Eucalyptus aquatica,TRUE,Eucalyptus aquatica,APC,Eucalyptus aquatica (Blakely) L.A.S.Johnson & K.D.Hill,legitimate,scientific,[],Eucalyptus aquatica,(Blakely) L.A.S.Johnson & K.D.Hill,Species,190,sp.,Plantae,,,Myrtaceae,Eucalyptus,aquatica,,aquatica,,,,
,Eucalyptus badjensis,TRUE,Eucalyptus badjensis,APC,Eucalyptus badjensis Beuzev. & M.B.Welch,legitimate,scientific,[],Eucalyptus badjensis,Beuzev. & M.B.Welch,Species,190,sp.,Plantae,,,Myrtaceae,Eucalyptus,badjensis,,badjensis,,,,
,Eucalyptus baeuerlenii,TRUE,Eucalyptus baeuerlenii,APC,Eucalyptus baeuerlenii F.Muell.,legitimate,scientific,[],Eucalyptus baeuerlenii,F.Muell.,Species,190,sp.,Plantae,,,Myrtaceae,Eucalyptus,baeuerlenii,,baeuerlenii,,,,
,Eucalyptus baileyana,TRUE,Eucalyptus baileyana,APC,Eucalyptus baileyana F.Muell.,legitimate,scientific,[],Eucalyptus baileyana,F.Muell.,Species,190,sp.,Plantae,,,Myrtaceae,Eucalyptus,baileyana,,baileyana,,,,
,Eucalyptus bakeri,TRUE,Eucalyptus bakeri,APC,Eucalyptus bakeri Maiden,legitimate,scientific,[],Eucalyptus bakeri,Maiden,Species,190,sp.,Plantae,,,Myrtaceae,Eucalyptus,bakeri,,bakeri,,,,
,Eucalyptus bancroftii,TRUE,Eucalyptus bancroftii,APC,Eucalyptus bancroftii (Maiden) Maiden,legitimate,scientific,[],Eucalyptus bancroftii,(Maiden) Maiden,Species,190,sp.,Plantae,,,Myrtaceae,Eucalyptus,bancroftii,,bancroftii,,,,
,Eucalyptus banksii,TRUE,Eucalyptus banksii,APC,Eucalyptus banksii Maiden,legitimate,scientific,[],Eucalyptus banksii,Maiden,Species,190,sp.,Plantae,,,Myrtaceae,Eucalyptus,banksii,,banksii,,,,
,Eucalyptus baueriana,TRUE,Eucalyptus baueriana,APC,Eucalyptus baueriana Schauer,legitimate,scientific,[],Eucalyptus baueriana,Schauer,Species,190,sp.,Plantae,,,Myrtaceae,Eucalyptus,baueriana,,baueriana,,,,
,Eucalyptus baxteri,TRUE,Eucalyptus baxteri,APC,Eucalyptus baxteri (Benth.) Maiden & Blakely ex J.M.Black,legitimate,scientific,[],Eucalyptus baxteri,(Benth.) Maiden & Blakely ex J.M.Black,Species,190,sp.,Plantae,,,Myrtaceae,Eucalyptus,baxteri,,baxteri,,,,
,Eucalyptus behriana,TRUE,Eucalyptus behriana,APC,Eucalyptus behriana F.Muell.,legitimate,scientific,[],Eucalyptus behriana,F.Muell.,Species,190,sp.,Plantae,,,Myrtaceae,Eucalyptus,behriana,,behriana,,,,
,Eucalyptus bensonii,TRUE,Eucalyptus bensonii,APC,Eucalyptus bensonii L.A.S.Johnson & K.D.Hill,legitimate,scientific,[],Eucalyptus bensonii,L.A.S.Johnson & K.D.Hill,Species,190,sp.,Plantae,,,Myrtaceae,Eucalyptus,bensonii,,bensonii,,,,
,Eucalyptus benthamii,TRUE,Eucalyptus benthamii,APC,Eucalyptus benthamii Maiden & Cambage,legitimate,scientific,[],Eucalyptus benthamii,Maiden & Cambage,Species,190,sp.,Plantae,,,Myrtaceae,Eucalyptus,benthamii,,benthamii,,,,
,Eucalyptus beyeriana,TRUE,Eucalyptus beyeriana,APC,Eucalyptus beyeriana L.A.S.Johnson & K.D.Hill,legitimate,scientific,[],Eucalyptus beyeriana,L.A.S.Johnson & K.D.Hill,Species,190,sp.,Plantae,,,Myrtaceae,Eucalyptus,beyeriana,,beyeriana,,,,
Putative according to APC comment,Eucalyptus x beyeri,FALSE,Eucalyptus beyeriana <--> crebra,,not found,,,,,,,,,,,,,,,,,,,,
Nomenclatural synonym,Eucalyptus globulus subsp. bicostata,TRUE,Eucalyptus bicostata,,"Eucalyptus bicostata Maiden, Blakely & Simmonds",legitimate,scientific,[],Eucalyptus bicostata,"Maiden, Blakely & Simmonds",Species,190,sp.,Plantae,,,Myrtaceae,Eucalyptus,bicostata,,bicostata,,,,
Taxonomic synonym,Eucalyptus punctata,TRUE,Eucalyptus biturbinata,,Eucalyptus biturbinata L.A.S.Johnson & K.D.Hill,legitimate,scientific,[],Eucalyptus biturbinata,L.A.S.Johnson & K.D.Hill,Species,190,sp.,Plantae,,,Myrtaceae,Eucalyptus,biturbinata,,biturbinata,,,,
,Eucalyptus blakelyi,TRUE,Eucalyptus blakelyi,APC,Eucalyptus blakelyi Maiden,legitimate,scientific,[],Eucalyptus blakelyi,Maiden,Species,190,sp.,Plantae,,,Myrtaceae,Eucalyptus,blakelyi,,blakelyi,,,,
,,FALSE,Eucalyptus blakelyi <--> dealbata,,not found,,,,,,,,,,,,,,,,,,,,
,,FALSE,Eucalyptus blakelyi <--> tereticornis,,not found,,,,,,,,,,,,,,,,,,,,
,,FALSE,Eucalyptus blakelyi x chloroclada,,not found,,,,,,,,,,,,,,,,,,,,
,,FALSE,Eucalyptus blakelyi x dwyeri,,not found,,,,,,,,,,,,,,,,,,,,
,,FALSE,Eucalyptus blakelyi x melliodora,,not found,,,,,,,,,,,,,,,,,,,,
,Eucalyptus blaxlandii,TRUE,Eucalyptus blaxlandii,APC,Eucalyptus blaxlandii Maiden & Cambage,legitimate,scientific,[],Eucalyptus blaxlandii,Maiden & Cambage,Species,190,sp.,Plantae,,,Myrtaceae,Eucalyptus,blaxlandii,,blaxlandii,,,,
,Eucalyptus boliviana,TRUE,Eucalyptus boliviana,APC,Eucalyptus boliviana J.B.Williams & K.D.Hill,legitimate,scientific,[],Eucalyptus boliviana,J.B.Williams & K.D.Hill,Species,190,sp.,Plantae,,,Myrtaceae,Eucalyptus,boliviana,,boliviana,,,,
,Eucalyptus bosistoana,TRUE,Eucalyptus bosistoana,APC,Eucalyptus bosistoana F.Muell.,legitimate,scientific,[],Eucalyptus bosistoana,F.Muell.,Species,190,sp.,Plantae,,,Myrtaceae,Eucalyptus,bosistoana,,bosistoana,,,,
,Eucalyptus botryoides,TRUE,Eucalyptus botryoides,APC,Eucalyptus botryoides Sm.,legitimate,scientific,[],Eucalyptus botryoides,Sm.,Species,190,sp.,Plantae,,,Myrtaceae,Eucalyptus,botryoides,,botryoides,,,,
,,FALSE,Eucalyptus botryoides <--> saligna,,not found,,,,,,,,,,,,,,,,,,,,
,Eucalyptus bridgesiana,TRUE,Eucalyptus bridgesiana,APC,Eucalyptus bridgesiana R.T.Baker,legitimate,scientific,[],Eucalyptus bridgesiana,R.T.Baker,Species,190,sp.,Plantae,,,Myrtaceae,Eucalyptus,bridgesiana,,bridgesiana,,,,
Taxonomic synonym,Eucalyptus deanei,TRUE,Eucalyptus brunnea,,Eucalyptus brunnea L.A.S.Johnson & K.D.Hill,legitimate,scientific,[],Eucalyptus brunnea,L.A.S.Johnson & K.D.Hill,Species,190,sp.,Plantae,,,Myrtaceae,Eucalyptus,brunnea,,brunnea,,,,
,Eucalyptus burgessiana,TRUE,Eucalyptus burgessiana,APC,Eucalyptus burgessiana L.A.S.Johnson & Blaxell,legitimate,scientific,[],Eucalyptus burgessiana,L.A.S.Johnson & Blaxell,Species,190,sp.,Plantae,,,Myrtaceae,Eucalyptus,burgessiana,,burgessiana,,,,
,Eucalyptus caleyi,TRUE,Eucalyptus caleyi,APC,Eucalyptus caleyi Maiden,legitimate,scientific,[],Eucalyptus caleyi,Maiden,Species,190,sp.,Plantae,,,Myrtaceae,Eucalyptus,caleyi,,caleyi,,,,
,Eucalyptus caleyi subsp. caleyi,TRUE,Eucalyptus caleyi subsp. caleyi,APC,Eucalyptus caleyi Maiden subsp. caleyi,legitimate,autonym,[],Eucalyptus caleyi subsp. caleyi,,Subspecies,200,subsp.,Plantae,,,Myrtaceae,Eucalyptus,caleyi,caleyi,caleyi,,,,
,Eucalyptus caleyi subsp. ovendenii,TRUE,Eucalyptus caleyi subsp. ovendenii,APC,Eucalyptus caleyi subsp. ovendenii L.A.S.Johnson & K.D.Hill,legitimate,scientific,[],Eucalyptus caleyi subsp. ovendenii,L.A.S.Johnson & K.D.Hill,Subspecies,200,subsp.,Plantae,,,Myrtaceae,Eucalyptus,caleyi,ovendenii,ovendenii,,,,
,Eucalyptus caliginosa,TRUE,Eucalyptus caliginosa,APC,Eucalyptus caliginosa Blakely & McKie,legitimate,scientific,[],Eucalyptus caliginosa,Blakely & McKie,Species,190,sp.,Plantae,,,Myrtaceae,Eucalyptus,caliginosa,,caliginosa,,,,
,,FALSE,Eucalyptus caliginosa <--> laevopinea,,not found,,,,,,,,,,,,,,,,,,,,
,Eucalyptus calycogona,TRUE,Eucalyptus calycogona,APC,Eucalyptus calycogona Turcz.,legitimate,scientific,[],Eucalyptus calycogona,Turcz.,Species,190,sp.,Plantae,,,Myrtaceae,Eucalyptus,calycogona,,calycogona,,,,
,Eucalyptus camaldulensis,TRUE,Eucalyptus camaldulensis,APC,Eucalyptus camaldulensis Dehnh.,legitimate,scientific,[],Eucalyptus camaldulensis,Dehnh.,Species,190,sp.,Plantae,,,Myrtaceae,Eucalyptus,camaldulensis,,camaldulensis,,,,
,,FALSE,Eucalyptus camaldulensis <--> chloroclada,,not found,,,,,,,,,,,,,,,,,,,,
,Eucalyptus cameronii,TRUE,Eucalyptus cameronii,APC,Eucalyptus cameronii Blakely & McKie,legitimate,scientific,[],Eucalyptus cameronii,Blakely & McKie,Species,190,sp.,Plantae,,,Myrtaceae,Eucalyptus,cameronii,,cameronii,,,,
,,FALSE,Eucalyptus cameronii x mckiei,,not found,,,,,,,,,,,,,,,,,,,,
,Eucalyptus camfieldii,TRUE,Eucalyptus camfieldii,APC,Eucalyptus camfieldii Maiden,legitimate,scientific,[],Eucalyptus camfieldii,Maiden,Species,190,sp.,Plantae,,,Myrtaceae,Eucalyptus,camfieldii,,camfieldii,,,,
,Eucalyptus campanulata,TRUE,Eucalyptus campanulata,APC,Eucalyptus campanulata R.T.Baker & H.G.Sm.,legitimate,scientific,[],Eucalyptus campanulata,R.T.Baker & H.G.Sm.,Species,190,sp.,Plantae,,,Myrtaceae,Eucalyptus,campanulata,,campanulata,,,,
,Eucalyptus camphora,TRUE,Eucalyptus camphora,APC,Eucalyptus camphora R.T.Baker,legitimate,scientific,[],Eucalyptus camphora,R.T.Baker,Species,190,sp.,Plantae,,,Myrtaceae,Eucalyptus,camphora,,camphora,,,,
,Eucalyptus camphora subsp. camphora,TRUE,Eucalyptus camphora subsp. camphora,APC,Eucalyptus camphora R.T.Baker subsp. camphora,legitimate,autonym,[],Eucalyptus camphora subsp. camphora,,Subspecies,200,subsp.,Plantae,,,Myrtaceae,Eucalyptus,camphora,camphora,camphora,,,,
,Eucalyptus camphora subsp. humeana,TRUE,Eucalyptus camphora subsp. humeana,APC,Eucalyptus camphora subsp. humeana L.A.S.Johnson & K.D.Hill,legitimate,scientific,[],Eucalyptus camphora subsp. humeana,L.A.S.Johnson & K.D.Hill,Subspecies,200,subsp.,Plantae,,,Myrtaceae,Eucalyptus,camphora,humeana,humeana,,,,
Taxonomic synonym,Eucalyptus camphora subsp. camphora,TRUE,Eucalyptus camphora subsp. relicta,,Eucalyptus camphora subsp. relicta L.A.S.Johnson & K.D.Hill,legitimate,scientific,[],Eucalyptus camphora subsp. relicta,L.A.S.Johnson & K.D.Hill,Subspecies,200,subsp.,Plantae,,,Myrtaceae,Eucalyptus,camphora,relicta,relicta,,,,
,Eucalyptus canaliculata,TRUE,Eucalyptus canaliculata,APC,Eucalyptus canaliculata Maiden,legitimate,scientific,[],Eucalyptus canaliculata,Maiden,Species,190,sp.,Plantae,,,Myrtaceae,Eucalyptus,canaliculata,,canaliculata,,,,
,,FALSE,Eucalyptus canaliculata <--> punctata,,not found,,,,,,,,,,,,,,,,,,,,
Nomenclatural synonym,Eucalyptus macrorhyncha subsp. cannonii,TRUE,Eucalyptus cannonii,,Eucalyptus cannonii R.T.Baker,legitimate,scientific,[],Eucalyptus cannonii,R.T.Baker,Species,190,sp.,Plantae,,,Myrtaceae,Eucalyptus,cannonii,,cannonii,,,,
Just a guess,Eucalyptus macrorhyncha subsp. cannonii,FALSE,Eucalyptus cannonii <--> macrorhyncha,,not found,,,,,,,,,,,,,,,,,,,,
,Eucalyptus canobolensis,TRUE,Eucalyptus canobolensis,APC,Eucalyptus canobolensis (L.A.S.Johnson & K.D.Hill) J.T.Hunter,legitimate,scientific,[],Eucalyptus canobolensis,(L.A.S.Johnson & K.D.Hill) J.T.Hunter,Species,190,sp.,Plantae,,,Myrtaceae,Eucalyptus,canobolensis,,canobolensis,,,,
,Eucalyptus capitellata,TRUE,Eucalyptus capitellata,APC,Eucalyptus capitellata Sm.,legitimate,scientific,[],Eucalyptus capitellata,Sm.,Species,190,sp.,Plantae,,,Myrtaceae,Eucalyptus,capitellata,,capitellata,,,,
,Eucalyptus carnea,TRUE,Eucalyptus carnea,APC,Eucalyptus carnea R.T.Baker,legitimate,scientific,[],Eucalyptus carnea,R.T.Baker,Species,190,sp.,Plantae,,,Myrtaceae,Eucalyptus,carnea,,carnea,,,,
,Eucalyptus castrensis,TRUE,Eucalyptus castrensis,APC,Eucalyptus castrensis K.D.Hill,legitimate,scientific,[],Eucalyptus castrensis,K.D.Hill,Species,190,sp.,Plantae,,,Myrtaceae,Eucalyptus,castrensis,,castrensis,,,,
,Eucalyptus chapmaniana,TRUE,Eucalyptus chapmaniana,APC,Eucalyptus chapmaniana Cameron,legitimate,scientific,[],Eucalyptus chapmaniana,Cameron,Species,190,sp.,Plantae,,,Myrtaceae,Eucalyptus,chapmaniana,,chapmaniana,,,,
,Eucalyptus chloroclada,TRUE,Eucalyptus chloroclada,APC,Eucalyptus chloroclada (Blakely) L.A.S.Johnson & K.D.Hill,legitimate,scientific,[],Eucalyptus chloroclada,(Blakely) L.A.S.Johnson & K.D.Hill,Species,190,sp.,Plantae,,,Myrtaceae,Eucalyptus,chloroclada,,chloroclada,,,,
,Eucalyptus cinerea,TRUE,Eucalyptus cinerea,APC,Eucalyptus cinerea F.Muell. ex Benth.,legitimate,scientific,[],Eucalyptus cinerea,F.Muell. ex Benth.,Species,190,sp.,Plantae,,,Myrtaceae,Eucalyptus,cinerea,,cinerea,,,,
,Eucalyptus cladocalyx,TRUE,Eucalyptus cladocalyx,APC,Eucalyptus cladocalyx F.Muell.,legitimate,scientific,[],Eucalyptus cladocalyx,F.Muell.,Species,190,sp.,Plantae,,,Myrtaceae,Eucalyptus,cladocalyx,,cladocalyx,,,,
,Eucalyptus codonocarpa,TRUE,Eucalyptus codonocarpa,APC,Eucalyptus codonocarpa Blakely & McKie,legitimate,scientific,[],Eucalyptus codonocarpa,Blakely & McKie,Species,190,sp.,Plantae,,,Myrtaceae,Eucalyptus,codonocarpa,,codonocarpa,,,,
,Eucalyptus conica,TRUE,Eucalyptus conica,APC,Eucalyptus conica H.Deane & Maiden,legitimate,scientific,[],Eucalyptus conica,H.Deane & Maiden,Species,190,sp.,Plantae,,,Myrtaceae,Eucalyptus,conica,,conica,,,,
,,FALSE,Eucalyptus conjuncta,,not found,,,,,,,,,,,,,,,,,,,,
,Eucalyptus consideniana,TRUE,Eucalyptus consideniana,APC,Eucalyptus consideniana Maiden,legitimate,scientific,[],Eucalyptus consideniana,Maiden,Species,190,sp.,Plantae,,,Myrtaceae,Eucalyptus,consideniana,,consideniana,,,,
,Eucalyptus conspicua,TRUE,Eucalyptus conspicua,APC,Eucalyptus conspicua L.A.S.Johnson & K.D.Hill,legitimate,scientific,[],Eucalyptus conspicua,L.A.S.Johnson & K.D.Hill,Species,190,sp.,Plantae,,,Myrtaceae,Eucalyptus,conspicua,,conspicua,,,,
,Eucalyptus coolabah,TRUE,Eucalyptus coolabah,APC,Eucalyptus coolabah Blakely & Jacobs,legitimate,scientific,[],Eucalyptus coolabah,Blakely & Jacobs,Species,190,sp.,Plantae,,,Myrtaceae,Eucalyptus,coolabah,,coolabah,,,,
Taxonomic synonym,Eucalyptus coolabah,TRUE,Eucalyptus coolabah subsp. arida,,Eucalyptus coolabah subsp. arida (Blakely) L.A.S.Johnson & K.D.Hill,legitimate,scientific,[],Eucalyptus coolabah subsp. arida,(Blakely) L.A.S.Johnson & K.D.Hill,Subspecies,200,subsp.,Plantae,,,Myrtaceae,Eucalyptus,coolabah,arida,arida,,,,
Nomenclatural synonym,Eucalyptus coolabah,TRUE,Eucalyptus coolabah subsp. coolabah,,Eucalyptus coolabah Blakely & Jacobs subsp. coolabah,legitimate,autonym,[],Eucalyptus coolabah subsp. coolabah,,Subspecies,200,subsp.,Plantae,,,Myrtaceae,Eucalyptus,coolabah,coolabah,coolabah,,,,
,Eucalyptus corticosa,TRUE,Eucalyptus corticosa,APC,Eucalyptus corticosa L.A.S.Johnson,legitimate,scientific,[],Eucalyptus corticosa,L.A.S.Johnson,Species,190,sp.,Plantae,,,Myrtaceae,Eucalyptus,corticosa,,corticosa,,,,
Taxonomic synonym,Eucalyptus incrassata,TRUE,Eucalyptus costata subsp. murrayana,,Eucalyptus costata subsp. murrayana L.A.S.Johnson & K.D.Hill,legitimate,scientific,[],Eucalyptus costata subsp. murrayana,L.A.S.Johnson & K.D.Hill,Subspecies,200,subsp.,Plantae,,,Myrtaceae,Eucalyptus,costata,murrayana,murrayana,,,,
,Eucalyptus crebra,TRUE,Eucalyptus crebra,APC,Eucalyptus crebra F.Muell.,legitimate,scientific,[],Eucalyptus crebra,F.Muell.,Species,190,sp.,Plantae,,,Myrtaceae,Eucalyptus,crebra,,crebra,,,,
,,FALSE,Eucalyptus crebra x fibrosa,,not found,,,,,,,,,,,,,,,,,,,,
,,FALSE,Eucalyptus crebra x microcarpa,,not found,,,,,,,,,,,,,,,,,,,,
,,FALSE,Eucalyptus crebra x nubila,,not found,,,,,,,,,,,,,,,,,,,,
,,FALSE,Eucalyptus crebra x siderophloia,,not found,,,,,,,,,,,,,,,,,,,,
,Eucalyptus crenulata,TRUE,Eucalyptus crenulata,APC,Eucalyptus crenulata Blakely & Beuzev.,legitimate,scientific,[],Eucalyptus crenulata,Blakely & Beuzev.,Species,190,sp.,Plantae,,,Myrtaceae,Eucalyptus,crenulata,,crenulata,,,,
,Eucalyptus croajingolensis,TRUE,Eucalyptus croajingolensis,APC,Eucalyptus croajingolensis L.A.S.Johnson & K.D.Hill,legitimate,scientific,[],Eucalyptus croajingolensis,L.A.S.Johnson & K.D.Hill,Species,190,sp.,Plantae,,,Myrtaceae,Eucalyptus,croajingolensis,,croajingolensis,,,,
,Eucalyptus cunninghamii,TRUE,Eucalyptus cunninghamii,APC,Eucalyptus cunninghamii Sweet,legitimate,scientific,[],Eucalyptus cunninghamii,Sweet,Species,190,sp.,Plantae,,,Myrtaceae,Eucalyptus,cunninghamii,,cunninghamii,,,,
,Eucalyptus cyanophylla,TRUE,Eucalyptus cyanophylla,APC,Eucalyptus cyanophylla Brooker,legitimate,scientific,[],Eucalyptus cyanophylla,Brooker,Species,190,sp.,Plantae,,,Myrtaceae,Eucalyptus,cyanophylla,,cyanophylla,,,,
,Eucalyptus cypellocarpa,TRUE,Eucalyptus cypellocarpa,APC,Eucalyptus cypellocarpa L.A.S.Johnson,legitimate,scientific,[],Eucalyptus cypellocarpa,L.A.S.Johnson,Species,190,sp.,Plantae,,,Myrtaceae,Eucalyptus,cypellocarpa,,cypellocarpa,,,,
,Eucalyptus dalrympleana,TRUE,Eucalyptus dalrympleana,APC,Eucalyptus dalrympleana Maiden,legitimate,scientific,[],Eucalyptus dalrympleana,Maiden,Species,190,sp.,Plantae,,,Myrtaceae,Eucalyptus,dalrympleana,,dalrympleana,,,,
,Eucalyptus dalrympleana subsp. dalrympleana,TRUE,Eucalyptus dalrympleana subsp. dalrympleana,APC,Eucalyptus dalrympleana Maiden subsp. dalrympleana,legitimate,autonym,[],Eucalyptus dalrympleana subsp. dalrympleana,,Subspecies,200,subsp.,Plantae,,,Myrtaceae,Eucalyptus,dalrympleana,dalrympleana,dalrympleana,,,,
,Eucalyptus dalrympleana subsp. heptantha,TRUE,Eucalyptus dalrympleana subsp. heptantha,APC,Eucalyptus dalrympleana subsp. heptantha L.A.S.Johnson,legitimate,scientific,[],Eucalyptus dalrympleana subsp. heptantha,L.A.S.Johnson,Subspecies,200,subsp.,Plantae,,,Myrtaceae,Eucalyptus,dalrympleana,heptantha,heptantha,,,,
,,FALSE,Eucalyptus dalrympleana x viminalis,,not found,,,,,,,,,,,,,,,,,,,,
,Eucalyptus dawsonii,TRUE,Eucalyptus dawsonii,APC,Eucalyptus dawsonii R.T.Baker,legitimate,scientific,[],Eucalyptus dawsonii,R.T.Baker,Species,190,sp.,Plantae,,,Myrtaceae,Eucalyptus,dawsonii,,dawsonii,,,,
,Eucalyptus dealbata,TRUE,Eucalyptus dealbata,APC,Eucalyptus dealbata A.Cunn. ex Schauer,legitimate,scientific,[],Eucalyptus dealbata,A.Cunn. ex Schauer,Species,190,sp.,Plantae,,,Myrtaceae,Eucalyptus,dealbata,,dealbata,,,,
,,FALSE,Eucalyptus dealbata x dwyeri,,not found,,,,,,,,,,,,,,,,,,,,
,Eucalyptus deanei,TRUE,Eucalyptus deanei,APC,Eucalyptus deanei Maiden,legitimate,scientific,[],Eucalyptus deanei,Maiden,Species,190,sp.,Plantae,,,Myrtaceae,Eucalyptus,deanei,,deanei,,,,
Nomenclatural synonym,Eucalyptus pauciflora subsp. debeuzevillei,TRUE,Eucalyptus debeuzevillei,,Eucalyptus debeuzevillei Maiden,legitimate,scientific,[],Eucalyptus debeuzevillei,Maiden,Species,190,sp.,Plantae,,,Myrtaceae,Eucalyptus,debeuzevillei,,debeuzevillei,,,,
,Eucalyptus delegatensis subsp. delegatensis,TRUE,Eucalyptus delegatensis subsp. delegatensis,APC,Eucalyptus delegatensis R.T.Baker subsp. delegatensis,legitimate,autonym,[],Eucalyptus delegatensis subsp. delegatensis,,Subspecies,200,subsp.,Plantae,,,Myrtaceae,Eucalyptus,delegatensis,delegatensis,delegatensis,,,,
,Eucalyptus dendromorpha,TRUE,Eucalyptus dendromorpha,APC,Eucalyptus dendromorpha (Blakely) L.A.S.Johnson & Blaxell,legitimate,scientific,[],Eucalyptus dendromorpha,(Blakely) L.A.S.Johnson & Blaxell,Species,190,sp.,Plantae,,,Myrtaceae,Eucalyptus,dendromorpha,,dendromorpha,,,,
Taxonomic synonym,Eucalyptus moorei subsp. moorei,TRUE,Eucalyptus dissita,,Eucalyptus dissita K.D.Hill,legitimate,scientific,[],Eucalyptus dissita,K.D.Hill,Species,190,sp.,Plantae,,,Myrtaceae,Eucalyptus,dissita,,dissita,,,,
,Eucalyptus dives,TRUE,Eucalyptus dives,APC,Eucalyptus dives Schauer,legitimate,scientific,[],Eucalyptus dives,Schauer,Species,190,sp.,Plantae,,,Myrtaceae,Eucalyptus,dives,,dives,,,,
,,FALSE,Eucalyptus dives x pauciflora,,not found,,,,,,,,,,,,,,,,,,,,
,,FALSE,Eucalyptus dives x rossii,,not found,,,,,,,,,,,,,,,,,,,,
,Eucalyptus dorrigoensis,TRUE,Eucalyptus dorrigoensis,APC,Eucalyptus dorrigoensis (Blakely) L.A.S.Johnson & K.D.Hill,legitimate,scientific,[],Eucalyptus dorrigoensis,(Blakely) L.A.S.Johnson & K.D.Hill,Species,190,sp.,Plantae,,,Myrtaceae,Eucalyptus,dorrigoensis,,dorrigoensis,,,,
,Eucalyptus dumosa,TRUE,Eucalyptus dumosa,APC,Eucalyptus dumosa A.Cunn. ex J.Oxley,legitimate,scientific,[],Eucalyptus dumosa,A.Cunn. ex J.Oxley,Species,190,sp.,Plantae,,,Myrtaceae,Eucalyptus,dumosa,,dumosa,,,,
,Eucalyptus dunnii,TRUE,Eucalyptus dunnii,APC,Eucalyptus dunnii Maiden,legitimate,scientific,[],Eucalyptus dunnii,Maiden,Species,190,sp.,Plantae,,,Myrtaceae,Eucalyptus,dunnii,,dunnii,,,,
,Eucalyptus dwyeri,TRUE,Eucalyptus dwyeri,APC,Eucalyptus dwyeri Maiden & Blakely,legitimate,scientific,[],Eucalyptus dwyeri,Maiden & Blakely,Species,190,sp.,Plantae,,,Myrtaceae,Eucalyptus,dwyeri,,dwyeri,,,,
,Eucalyptus elata,TRUE,Eucalyptus elata,APC,Eucalyptus elata Dehnh.,legitimate,scientific,[],Eucalyptus elata,Dehnh.,Species,190,sp.,Plantae,,,Myrtaceae,Eucalyptus,elata,,elata,,,,
,Eucalyptus elegans,TRUE,Eucalyptus elegans,APC,Eucalyptus elegans A.R.Bean,legitimate,scientific,[],Eucalyptus elegans,A.R.Bean,Species,190,sp.,Plantae,,,Myrtaceae,Eucalyptus,elegans,,elegans,,,,
,Eucalyptus elliptica,TRUE,Eucalyptus elliptica,APC,Eucalyptus elliptica (Blakely & McKie) L.A.S.Johnson & K.D.Hill,legitimate,scientific,[],Eucalyptus elliptica,(Blakely & McKie) L.A.S.Johnson & K.D.Hill,Species,190,sp.,Plantae,,,Myrtaceae,Eucalyptus,elliptica,,elliptica,,,,
,Eucalyptus eugenioides,TRUE,Eucalyptus eugenioides,APC,Eucalyptus eugenioides Sieber ex Spreng.,legitimate,scientific,[],Eucalyptus eugenioides,Sieber ex Spreng.,Species,190,sp.,Plantae,,,Myrtaceae,Eucalyptus,eugenioides,,eugenioides,,,,
,,FALSE,Eucalyptus eugenioides x globoidea,,not found,,,,,,,,,,,,,,,,,,,,
,Eucalyptus expressa,TRUE,Eucalyptus expressa,APC,Eucalyptus expressa S.A.J.Bell & D.Nicolle,legitimate,scientific,[],Eucalyptus expressa,S.A.J.Bell & D.Nicolle,Species,190,sp.,Plantae,,,Myrtaceae,Eucalyptus,expressa,,expressa,,,,
,Eucalyptus exserta,TRUE,Eucalyptus exserta,APC,Eucalyptus exserta F.Muell.,legitimate,scientific,[],Eucalyptus exserta,F.Muell.,Species,190,sp.,Plantae,,,Myrtaceae,Eucalyptus,exserta,,exserta,,,,
,Eucalyptus fastigata,TRUE,Eucalyptus fastigata,APC,Eucalyptus fastigata H.Deane & Maiden,legitimate,scientific,[],Eucalyptus fastigata,H.Deane & Maiden,Species,190,sp.,Plantae,,,Myrtaceae,Eucalyptus,fastigata,,fastigata,,,,
Taxonomic synonym,Eucalyptus paniculata,TRUE,Eucalyptus fergusonii,,Eucalyptus fergusonii R.T.Baker,legitimate,scientific,[],Eucalyptus fergusonii,R.T.Baker,Species,190,sp.,Plantae,,,Myrtaceae,Eucalyptus,fergusonii,,fergusonii,,,,
Taxonomic synonym,Eucalyptus paniculata,TRUE,Eucalyptus fergusonii subsp. dorsiventralis,,Eucalyptus fergusonii subsp. dorsiventralis L.A.S.Johnson & K.D.Hill,legitimate,scientific,[],Eucalyptus fergusonii subsp. dorsiventralis,L.A.S.Johnson & K.D.Hill,Subspecies,200,subsp.,Plantae,,,Myrtaceae,Eucalyptus,fergusonii,dorsiventralis,dorsiventralis,,,,
Taxonomic synonym,Eucalyptus paniculata,TRUE,Eucalyptus fergusonii subsp. fergusonii,,Eucalyptus fergusonii R.T.Baker subsp. fergusonii,legitimate,autonym,[],Eucalyptus fergusonii subsp. fergusonii,,Subspecies,200,subsp.,Plantae,,,Myrtaceae,Eucalyptus,fergusonii,fergusonii,fergusonii,,,,
,Eucalyptus fibrosa,TRUE,Eucalyptus fibrosa,APC,Eucalyptus fibrosa F.Muell.,legitimate,scientific,[],Eucalyptus fibrosa,F.Muell.,Species,190,sp.,Plantae,,,Myrtaceae,Eucalyptus,fibrosa,,fibrosa,,,,
,,FALSE,Eucalyptus fibrosa x punctata,,not found,,,,,,,,,,,,,,,,,,,,
,Eucalyptus fracta,TRUE,Eucalyptus fracta,APC,Eucalyptus fracta K.D.Hill,legitimate,scientific,[],Eucalyptus fracta,K.D.Hill,Species,190,sp.,Plantae,,,Myrtaceae,Eucalyptus,fracta,,fracta,,,,
,Eucalyptus fraxinoides,TRUE,Eucalyptus fraxinoides,APC,Eucalyptus fraxinoides H.Deane & Maiden,legitimate,scientific,[],Eucalyptus fraxinoides,H.Deane & Maiden,Species,190,sp.,Plantae,,,Myrtaceae,Eucalyptus,fraxinoides,,fraxinoides,,,,
,Eucalyptus fusiformis,TRUE,Eucalyptus fusiformis,APC,Eucalyptus fusiformis Boland & Kleinig,legitimate,scientific,[],Eucalyptus fusiformis,Boland & Kleinig,Species,190,sp.,Plantae,,,Myrtaceae,Eucalyptus,fusiformis,,fusiformis,,,,
,Eucalyptus gillii,TRUE,Eucalyptus gillii,APC,Eucalyptus gillii Maiden,legitimate,scientific,[],Eucalyptus gillii,Maiden,Species,190,sp.,Plantae,,,Myrtaceae,Eucalyptus,gillii,,gillii,,,,
,Eucalyptus glaucescens,TRUE,Eucalyptus glaucescens,APC,Eucalyptus glaucescens Maiden & Blakely,legitimate,scientific,[],Eucalyptus glaucescens,Maiden & Blakely,Species,190,sp.,Plantae,,,Myrtaceae,Eucalyptus,glaucescens,,glaucescens,,,,
,Eucalyptus glaucina,TRUE,Eucalyptus glaucina,APC,Eucalyptus glaucina (Blakely) L.A.S.Johnson,legitimate,scientific,[],Eucalyptus glaucina,(Blakely) L.A.S.Johnson,Species,190,sp.,Plantae,,,Myrtaceae,Eucalyptus,glaucina,,glaucina,,,,
,Eucalyptus globoidea,TRUE,Eucalyptus globoidea,APC,Eucalyptus globoidea Blakely,legitimate,scientific,[],Eucalyptus globoidea,Blakely,Species,190,sp.,Plantae,,,Myrtaceae,Eucalyptus,globoidea,,globoidea,,,,
,Eucalyptus globulus,TRUE,Eucalyptus globulus,APC,Eucalyptus globulus Labill.,legitimate,scientific,[],Eucalyptus globulus,Labill.,Species,190,sp.,Plantae,,,Myrtaceae,Eucalyptus,globulus,,globulus,,,,
"E. cypellocarpa misapplied in Blakely (1934), A Key to Eucalypts: 157",Eucalyptus goniocalyx,TRUE,Eucalyptus goniocalyx,APC,Eucalyptus goniocalyx F.Muell. ex Miq.,legitimate,scientific,[],Eucalyptus goniocalyx,F.Muell. ex Miq.,Species,190,sp.,Plantae,,,Myrtaceae,Eucalyptus,goniocalyx,,goniocalyx,,,,
,Eucalyptus goniocalyx subsp. goniocalyx,TRUE,Eucalyptus goniocalyx subsp. goniocalyx,APC,Eucalyptus goniocalyx F.Muell. ex Miq. subsp. goniocalyx,legitimate,autonym,[],Eucalyptus goniocalyx subsp. goniocalyx,,Subspecies,200,subsp.,Plantae,,,Myrtaceae,Eucalyptus,goniocalyx,goniocalyx,goniocalyx,,,,
,Eucalyptus gracilis,TRUE,Eucalyptus gracilis,APC,Eucalyptus gracilis F.Muell.,legitimate,scientific,[],Eucalyptus gracilis,F.Muell.,Species,190,sp.,Plantae,,,Myrtaceae,Eucalyptus,gracilis,,gracilis,,,,
,Eucalyptus grandis,TRUE,Eucalyptus grandis,APC,Eucalyptus grandis W.Hill,legitimate,scientific,[],Eucalyptus grandis,W.Hill,Species,190,sp.,Plantae,,,Myrtaceae,Eucalyptus,grandis,,grandis,,,,
,,FALSE,Eucalyptus grandis x saligna,,not found,,,,,,,,,,,,,,,,,,,,
,Eucalyptus gregsoniana,TRUE,Eucalyptus gregsoniana,APC,Eucalyptus gregsoniana L.A.S.Johnson & Blaxell,legitimate,scientific,[],Eucalyptus gregsoniana,L.A.S.Johnson & Blaxell,Species,190,sp.,Plantae,,,Myrtaceae,Eucalyptus,gregsoniana,,gregsoniana,,,,
,Eucalyptus gunnii,TRUE,Eucalyptus gunnii,APC,Eucalyptus gunnii Hook.f.,legitimate,scientific,[],Eucalyptus gunnii,Hook.f.,Species,190,sp.,Plantae,,,Myrtaceae,Eucalyptus,gunnii,,gunnii,,,,
,Eucalyptus haemastoma,TRUE,Eucalyptus haemastoma,APC,Eucalyptus haemastoma Sm.,legitimate,scientific,[],Eucalyptus haemastoma,Sm.,Species,190,sp.,Plantae,,,Myrtaceae,Eucalyptus,haemastoma,,haemastoma,,,,
,,FALSE,Eucalyptus haemastoma x racemosa,,not found,,,,,,,,,,,,,,,,,,,,
,Eucalyptus hypostomatica,TRUE,Eucalyptus hypostomatica,APC,Eucalyptus hypostomatica L.A.S.Johnson & K.D.Hill,legitimate,scientific,[],Eucalyptus hypostomatica,L.A.S.Johnson & K.D.Hill,Species,190,sp.,Plantae,,,Myrtaceae,Eucalyptus,hypostomatica,,hypostomatica,,,,
,Eucalyptus ignorabilis,TRUE,Eucalyptus ignorabilis,APC,Eucalyptus ignorabilis L.A.S.Johnson & K.D.Hill,legitimate,scientific,[],Eucalyptus ignorabilis,L.A.S.Johnson & K.D.Hill,Species,190,sp.,Plantae,,,Myrtaceae,Eucalyptus,ignorabilis,,ignorabilis,,,,
,Eucalyptus imitans,TRUE,Eucalyptus imitans,APC,Eucalyptus imitans L.A.S.Johnson & K.D.Hill,legitimate,scientific,[],Eucalyptus imitans,L.A.S.Johnson & K.D.Hill,Species,190,sp.,Plantae,,,Myrtaceae,Eucalyptus,imitans,,imitans,,,,
,Eucalyptus interstans,TRUE,Eucalyptus interstans,APC,Eucalyptus interstans L.A.S.Johnson & K.D.Hill,legitimate,scientific,[],Eucalyptus interstans,L.A.S.Johnson & K.D.Hill,Species,190,sp.,Plantae,,,Myrtaceae,Eucalyptus,interstans,,interstans,,,,
,Eucalyptus intertexta,TRUE,Eucalyptus intertexta,APC,Eucalyptus intertexta R.T.Baker,legitimate,scientific,[],Eucalyptus intertexta,R.T.Baker,Species,190,sp.,Plantae,,,Myrtaceae,Eucalyptus,intertexta,,intertexta,,,,
,Eucalyptus kartzoffiana,TRUE,Eucalyptus kartzoffiana,APC,Eucalyptus kartzoffiana L.A.S.Johnson & Blaxell,legitimate,scientific,[],Eucalyptus kartzoffiana,L.A.S.Johnson & Blaxell,Species,190,sp.,Plantae,,,Myrtaceae,Eucalyptus,kartzoffiana,,kartzoffiana,,,,
,Eucalyptus kybeanensis,TRUE,Eucalyptus kybeanensis,APC,Eucalyptus kybeanensis Maiden & Cambage,legitimate,scientific,[],Eucalyptus kybeanensis,Maiden & Cambage,Species,190,sp.,Plantae,,,Myrtaceae,Eucalyptus,kybeanensis,,kybeanensis,,,,
,Eucalyptus lacrimans,TRUE,Eucalyptus lacrimans,APC,Eucalyptus lacrimans L.A.S.Johnson & K.D.Hill,legitimate,scientific,[],Eucalyptus lacrimans,L.A.S.Johnson & K.D.Hill,Species,190,sp.,Plantae,,,Myrtaceae,Eucalyptus,lacrimans,,lacrimans,,,,
,Eucalyptus laevopinea,TRUE,Eucalyptus laevopinea,APC,Eucalyptus laevopinea R.T.Baker,legitimate,scientific,[],Eucalyptus laevopinea,R.T.Baker,Species,190,sp.,Plantae,,,Myrtaceae,Eucalyptus,laevopinea,,laevopinea,,,,
,Eucalyptus langleyi,TRUE,Eucalyptus langleyi,APC,Eucalyptus langleyi L.A.S.Johnson & Blaxell,legitimate,scientific,[],Eucalyptus langleyi,L.A.S.Johnson & Blaxell,Species,190,sp.,Plantae,,,Myrtaceae,Eucalyptus,langleyi,,langleyi,,,,
Taxonomic synonym,Eucalyptus apiculata,TRUE,Eucalyptus laophila,,Eucalyptus laophila L.A.S.Johnson & Blaxell,legitimate,scientific,[],Eucalyptus laophila,L.A.S.Johnson & Blaxell,Species,190,sp.,Plantae,,,Myrtaceae,Eucalyptus,laophila,,laophila,,,,
,Eucalyptus largeana,TRUE,Eucalyptus largeana,APC,Eucalyptus largeana Blakely,legitimate,scientific,[],Eucalyptus largeana,Blakely,Species,190,sp.,Plantae,,,Myrtaceae,Eucalyptus,largeana,,largeana,,,,
,Eucalyptus largiflorens,TRUE,Eucalyptus largiflorens,APC,Eucalyptus largiflorens F.Muell.,legitimate,scientific,[],Eucalyptus largiflorens,F.Muell.,Species,190,sp.,Plantae,,,Myrtaceae,Eucalyptus,largiflorens,,largiflorens,,,,
Taxonomic synonym,Eucalyptus moorei subsp. moorei,TRUE,Eucalyptus latiuscula,,Eucalyptus latiuscula (Blakely) L.A.S.Johnson & K.D.Hill,legitimate,scientific,[],Eucalyptus latiuscula,(Blakely) L.A.S.Johnson & K.D.Hill,Species,190,sp.,Plantae,,,Myrtaceae,Eucalyptus,latiuscula,,latiuscula,,,,
,Eucalyptus leptophylla,TRUE,Eucalyptus leptophylla,APC,Eucalyptus leptophylla F.Muell. ex Miq.,legitimate,scientific,[],Eucalyptus leptophylla,F.Muell. ex Miq.,Species,190,sp.,Plantae,,,Myrtaceae,Eucalyptus,leptophylla,,leptophylla,,,,
,Eucalyptus leucoxylon subsp. pruinosa,TRUE,Eucalyptus leucoxylon subsp. pruinosa,APC,Eucalyptus leucoxylon subsp. pruinosa (F.Muell. ex Miq.) Boland,legitimate,scientific,[],Eucalyptus leucoxylon subsp. pruinosa,(F.Muell. ex Miq.) Boland,Subspecies,200,subsp.,Plantae,,,Myrtaceae,Eucalyptus,leucoxylon,pruinosa,pruinosa,,,,
,Eucalyptus ligustrina,TRUE,Eucalyptus ligustrina,APC,Eucalyptus ligustrina DC.,legitimate,scientific,[],Eucalyptus ligustrina,DC.,Species,190,sp.,Plantae,,,Myrtaceae,Eucalyptus,ligustrina,,ligustrina,,,,
,Eucalyptus longifolia,TRUE,Eucalyptus longifolia,APC,Eucalyptus longifolia Link,legitimate,scientific,[],Eucalyptus longifolia,Link,Species,190,sp.,Plantae,,,Myrtaceae,Eucalyptus,longifolia,,longifolia,,,,
,Eucalyptus luehmanniana,TRUE,Eucalyptus luehmanniana,APC,Eucalyptus luehmanniana F.Muell.,legitimate,scientific,[],Eucalyptus luehmanniana,F.Muell.,Species,190,sp.,Plantae,,,Myrtaceae,Eucalyptus,luehmanniana,,luehmanniana,,,,
,Eucalyptus macarthurii,TRUE,Eucalyptus macarthurii,APC,Eucalyptus macarthurii H.Deane & Maiden,legitimate,scientific,[],Eucalyptus macarthurii,H.Deane & Maiden,Species,190,sp.,Plantae,,,Myrtaceae,Eucalyptus,macarthurii,,macarthurii,,,,
,Eucalyptus mackintii,TRUE,Eucalyptus mackintii,APC,Eucalyptus mackintii Kottek,legitimate,scientific,[],Eucalyptus mackintii,Kottek,Species,190,sp.,Plantae,,,Myrtaceae,Eucalyptus,mackintii,,mackintii,,,,
,Eucalyptus macrorhyncha,TRUE,Eucalyptus macrorhyncha,APC,Eucalyptus macrorhyncha F.Muell. ex Benth.,legitimate,scientific,[],Eucalyptus macrorhyncha,F.Muell. ex Benth.,Species,190,sp.,Plantae,,,Myrtaceae,Eucalyptus,macrorhyncha,,macrorhyncha,,,,
,Eucalyptus magnificata,TRUE,Eucalyptus magnificata,APC,Eucalyptus magnificata L.A.S.Johnson & K.D.Hill,legitimate,scientific,[],Eucalyptus magnificata,L.A.S.Johnson & K.D.Hill,Species,190,sp.,Plantae,,,Myrtaceae,Eucalyptus,magnificata,,magnificata,,,,
Nomenclatural synonym,Eucalyptus globulus subsp. maidenii,TRUE,Eucalyptus maidenii,,Eucalyptus maidenii F.Muell.,legitimate,scientific,[],Eucalyptus maidenii,F.Muell.,Species,190,sp.,Plantae,,,Myrtaceae,Eucalyptus,maidenii,,maidenii,,,,
,Eucalyptus major,TRUE,Eucalyptus major,APC,Eucalyptus major (Maiden) Blakely,legitimate,scientific,[],Eucalyptus major,(Maiden) Blakely,Species,190,sp.,Plantae,,,Myrtaceae,Eucalyptus,major,,major,,,,
,Eucalyptus malacoxylon,TRUE,Eucalyptus malacoxylon,APC,Eucalyptus malacoxylon Blakely,legitimate,scientific,[],Eucalyptus malacoxylon,Blakely,Species,190,sp.,Plantae,,,Myrtaceae,Eucalyptus,malacoxylon,,malacoxylon,,,,
,Eucalyptus mannifera,TRUE,Eucalyptus mannifera,APC,Eucalyptus mannifera Mudie,legitimate,scientific,[],Eucalyptus mannifera,Mudie,Species,190,sp.,Plantae,,,Myrtaceae,Eucalyptus,mannifera,,mannifera,,,,
,Eucalyptus mannifera subsp. gullickii,TRUE,Eucalyptus mannifera subsp. gullickii,APC,Eucalyptus mannifera subsp. gullickii (R.T.Baker & H.G.Sm.) L.A.S.Johnson,legitimate,scientific,[],Eucalyptus mannifera subsp. gullickii,(R.T.Baker & H.G.Sm.) L.A.S.Johnson,Subspecies,200,subsp.,Plantae,,,Myrtaceae,Eucalyptus,mannifera,gullickii,gullickii,,,,
,Eucalyptus mannifera subsp. mannifera,TRUE,Eucalyptus mannifera subsp. mannifera,APC,Eucalyptus mannifera Mudie subsp. mannifera,legitimate,autonym,[],Eucalyptus mannifera subsp. mannifera,,Subspecies,200,subsp.,Plantae,,,Myrtaceae,Eucalyptus,mannifera,mannifera,mannifera,,,,
,Eucalyptus mckieana,TRUE,Eucalyptus mckieana,APC,Eucalyptus mckieana Blakely,legitimate,scientific,[],Eucalyptus mckieana,Blakely,Species,190,sp.,Plantae,,,Myrtaceae,Eucalyptus,mckieana,,mckieana,,,,
,Eucalyptus melanophloia,TRUE,Eucalyptus melanophloia,APC,Eucalyptus melanophloia F.Muell.,legitimate,scientific,[],Eucalyptus melanophloia,F.Muell.,Species,190,sp.,Plantae,,,Myrtaceae,Eucalyptus,melanophloia,,melanophloia,,,,
,Eucalyptus melliodora,TRUE,Eucalyptus melliodora,APC,Eucalyptus melliodora A.Cunn. ex Schauer,legitimate,scientific,[],Eucalyptus melliodora,A.Cunn. ex Schauer,Species,190,sp.,Plantae,,,Myrtaceae,Eucalyptus,melliodora,,melliodora,,,,
,Eucalyptus michaeliana,TRUE,Eucalyptus michaeliana,APC,Eucalyptus michaeliana Blakely,legitimate,scientific,[],Eucalyptus michaeliana,Blakely,Species,190,sp.,Plantae,,,Myrtaceae,Eucalyptus,michaeliana,,michaeliana,,,,
,Eucalyptus microcarpa,TRUE,Eucalyptus microcarpa,APC,Eucalyptus microcarpa (Maiden) Maiden,legitimate,scientific,[],Eucalyptus microcarpa,(Maiden) Maiden,Species,190,sp.,Plantae,,,Myrtaceae,Eucalyptus,microcarpa,,microcarpa,,,,
,,FALSE,Eucalyptus microcarpa <--> viridis,,not found,,,,,,,,,,,,,,,,,,,,
Second species renamed E. woollsiana,,FALSE,Eucalyptus microcarpa x pilligaensis,,not found,,,,,,,,,,,,,,,,,,,,
,Eucalyptus microcorys,TRUE,Eucalyptus microcorys,APC,Eucalyptus microcorys F.Muell.,legitimate,scientific,[],Eucalyptus microcorys,F.Muell.,Species,190,sp.,Plantae,,,Myrtaceae,Eucalyptus,microcorys,,microcorys,,,,
,Eucalyptus moluccana,TRUE,Eucalyptus moluccana,APC,Eucalyptus moluccana Roxb.,legitimate,scientific,[],Eucalyptus moluccana,Roxb.,Species,190,sp.,Plantae,,,Myrtaceae,Eucalyptus,moluccana,,moluccana,,,,
,Eucalyptus moorei,TRUE,Eucalyptus moorei,APC,Eucalyptus moorei Maiden & Cambage,legitimate,scientific,[],Eucalyptus moorei,Maiden & Cambage,Species,190,sp.,Plantae,,,Myrtaceae,Eucalyptus,moorei,,moorei,,,,
,Eucalyptus morrisii,TRUE,Eucalyptus morrisii,APC,Eucalyptus morrisii R.T.Baker,legitimate,scientific,[],Eucalyptus morrisii,R.T.Baker,Species,190,sp.,Plantae,,,Myrtaceae,Eucalyptus,morrisii,,morrisii,,,,
,Eucalyptus muelleriana,TRUE,Eucalyptus muelleriana,APC,Eucalyptus muelleriana A.W.Howitt,legitimate,scientific,[],Eucalyptus muelleriana,A.W.Howitt,Species,190,sp.,Plantae,,,Myrtaceae,Eucalyptus,muelleriana,,muelleriana,,,,
,Eucalyptus multicaulis,TRUE,Eucalyptus multicaulis,APC,Eucalyptus multicaulis Blakely,legitimate,scientific,[],Eucalyptus multicaulis,Blakely,Species,190,sp.,Plantae,,,Myrtaceae,Eucalyptus,multicaulis,,multicaulis,,,,
,Eucalyptus nandewarica,TRUE,Eucalyptus nandewarica,APC,Eucalyptus nandewarica L.A.S.Johnson & K.D.Hill,legitimate,scientific,[],Eucalyptus nandewarica,L.A.S.Johnson & K.D.Hill,Species,190,sp.,Plantae,,,Myrtaceae,Eucalyptus,nandewarica,,nandewarica,,,,
,Eucalyptus nicholii,TRUE,Eucalyptus nicholii,APC,Eucalyptus nicholii Maiden & Blakely,legitimate,scientific,[],Eucalyptus nicholii,Maiden & Blakely,Species,190,sp.,Plantae,,,Myrtaceae,Eucalyptus,nicholii,,nicholii,,,,
Nomenclatural synonym,Eucalyptus pauciflora subsp. niphophila,TRUE,Eucalyptus niphophila,,Eucalyptus niphophila Maiden & Blakely,legitimate,scientific,[],Eucalyptus niphophila,Maiden & Blakely,Species,190,sp.,Plantae,,,Myrtaceae,Eucalyptus,niphophila,,niphophila,,,,
,Eucalyptus nitens,TRUE,Eucalyptus nitens,APC,Eucalyptus nitens (H.Deane & Maiden) Maiden,legitimate,scientific,[],Eucalyptus nitens,(H.Deane & Maiden) Maiden,Species,190,sp.,Plantae,,,Myrtaceae,Eucalyptus,nitens,,nitens,,,,
,Eucalyptus nobilis,TRUE,Eucalyptus nobilis,APC,Eucalyptus nobilis L.A.S.Johnson & K.D.Hill,legitimate,scientific,[],Eucalyptus nobilis,L.A.S.Johnson & K.D.Hill,Species,190,sp.,Plantae,,,Myrtaceae,Eucalyptus,nobilis,,nobilis,,,,
,,FALSE,Eucalyptus nobilis <--> viminalis,,not found,,,,,,,,,,,,,,,,,,,,
,Eucalyptus nortonii,TRUE,Eucalyptus nortonii,APC,Eucalyptus nortonii (Blakely) L.A.S.Johnson,legitimate,scientific,[],Eucalyptus nortonii,(Blakely) L.A.S.Johnson,Species,190,sp.,Plantae,,,Myrtaceae,Eucalyptus,nortonii,,nortonii,,,,
,Eucalyptus notabilis,TRUE,Eucalyptus notabilis,APC,Eucalyptus notabilis Maiden,legitimate,scientific,[],Eucalyptus notabilis,Maiden,Species,190,sp.,Plantae,,,Myrtaceae,Eucalyptus,notabilis,,notabilis,,,,
,Eucalyptus nova-anglica,TRUE,Eucalyptus nova-anglica,APC,Eucalyptus nova-anglica H.Deane & Maiden,legitimate,scientific,[],Eucalyptus nova-anglica,H.Deane & Maiden,Species,190,sp.,Plantae,,,Myrtaceae,Eucalyptus,nova-anglica,,nova-anglica,,,,
Orthographic variant/Taxonomic synonym,Eucalyptus fibrosa subsp. nubilis,FALSE,Eucalyptus nubila,,not found,,,,,,,,,,,,,,,,,,,,
,Eucalyptus obliqua,TRUE,Eucalyptus obliqua,APC,Eucalyptus obliqua L'Hér.,legitimate,scientific,[],Eucalyptus obliqua,L'Hér.,Species,190,sp.,Plantae,,,Myrtaceae,Eucalyptus,obliqua,,obliqua,,,,
Complex- pro parte taxonomic synonym of Eucalyptus sparsifolia,Eucalyptus globoidea,TRUE,Eucalyptus oblonga,,Eucalyptus oblonga DC.,legitimate,scientific,[],Eucalyptus oblonga,DC.,Species,190,sp.,Plantae,,,Myrtaceae,Eucalyptus,oblonga,,oblonga,,,,
Taxonomic synonym,Eucalyptus burgessiana,TRUE,Eucalyptus obstans,,Eucalyptus obstans L.A.S.Johnson & K.D.Hill,legitimate,scientific,[],Eucalyptus obstans,L.A.S.Johnson & K.D.Hill,Species,190,sp.,Plantae,,,Myrtaceae,Eucalyptus,obstans,,obstans,,,,
,Eucalyptus ochrophloia,TRUE,Eucalyptus ochrophloia,APC,Eucalyptus ochrophloia F.Muell.,legitimate,scientific,[],Eucalyptus ochrophloia,F.Muell.,Species,190,sp.,Plantae,,,Myrtaceae,Eucalyptus,ochrophloia,,ochrophloia,,,,
,Eucalyptus oleosa subsp. oleosa,TRUE,Eucalyptus oleosa subsp. oleosa,APC,Eucalyptus oleosa F.Muell. ex Miq. subsp. oleosa,legitimate,autonym,[],Eucalyptus oleosa subsp. oleosa,,Subspecies,200,subsp.,Plantae,,,Myrtaceae,Eucalyptus,oleosa,oleosa,oleosa,,,,
,Eucalyptus olida,TRUE,Eucalyptus olida,APC,Eucalyptus olida L.A.S.Johnson & K.D.Hill,legitimate,scientific,[],Eucalyptus olida,L.A.S.Johnson & K.D.Hill,Species,190,sp.,Plantae,,,Myrtaceae,Eucalyptus,olida,,olida,,,,
,Eucalyptus olsenii,TRUE,Eucalyptus olsenii,APC,Eucalyptus olsenii L.A.S.Johnson & Blaxell,legitimate,scientific,[],Eucalyptus olsenii,L.A.S.Johnson & Blaxell,Species,190,sp.,Plantae,,,Myrtaceae,Eucalyptus,olsenii,,olsenii,,,,
,Eucalyptus ophitica,TRUE,Eucalyptus ophitica,APC,Eucalyptus ophitica L.A.S.Johnson & K.D.Hill,legitimate,scientific,[],Eucalyptus ophitica,L.A.S.Johnson & K.D.Hill,Species,190,sp.,Plantae,,,Myrtaceae,Eucalyptus,ophitica,,ophitica,,,,
,Eucalyptus oreades,TRUE,Eucalyptus oreades,APC,Eucalyptus oreades R.T.Baker,legitimate,scientific,[],Eucalyptus oreades,R.T.Baker,Species,190,sp.,Plantae,,,Myrtaceae,Eucalyptus,oreades,,oreades,,,,
Taxonomic synonym,Eucalyptus cypellocarpa,TRUE,Eucalyptus oresbia,,Eucalyptus oresbia J.T.Hunter & J.J.Bruhl,legitimate,scientific,[],Eucalyptus oresbia,J.T.Hunter & J.J.Bruhl,Species,190,sp.,Plantae,,,Myrtaceae,Eucalyptus,oresbia,,oresbia,,,,
,Eucalyptus ovata,TRUE,Eucalyptus ovata,APC,Eucalyptus ovata Labill.,legitimate,scientific,[],Eucalyptus ovata,Labill.,Species,190,sp.,Plantae,,,Myrtaceae,Eucalyptus,ovata,,ovata,,,,
,Eucalyptus pachycalyx subsp. banyabba,TRUE,Eucalyptus pachycalyx subsp. banyabba,APC,Eucalyptus pachycalyx subsp. banyabba K.D.Hill,legitimate,scientific,[],Eucalyptus pachycalyx subsp. banyabba,K.D.Hill,Subspecies,200,subsp.,Plantae,,,Myrtaceae,Eucalyptus,pachycalyx,banyabba,banyabba,,,,
,Eucalyptus paliformis,TRUE,Eucalyptus paliformis,APC,Eucalyptus paliformis L.A.S.Johnson & Blaxell,legitimate,scientific,[],Eucalyptus paliformis,L.A.S.Johnson & Blaxell,Species,190,sp.,Plantae,,,Myrtaceae,Eucalyptus,paliformis,,paliformis,,,,
,Eucalyptus panda,TRUE,Eucalyptus panda,APC,Eucalyptus panda S.T.Blake,legitimate,scientific,[],Eucalyptus panda,S.T.Blake,Species,190,sp.,Plantae,,,Myrtaceae,Eucalyptus,panda,,panda,,,,
,Eucalyptus paniculata,TRUE,Eucalyptus paniculata,APC,Eucalyptus paniculata Sm.,legitimate,scientific,[],Eucalyptus paniculata,Sm.,Species,190,sp.,Plantae,,,Myrtaceae,Eucalyptus,paniculata,,paniculata,,,,
Taxonomic synonym,Eucalyptus paniculata,TRUE,Eucalyptus paniculata subsp. matutina,,Eucalyptus paniculata subsp. matutina L.A.S.Johnson & K.D.Hill,legitimate,scientific,[],Eucalyptus paniculata subsp. matutina,L.A.S.Johnson & K.D.Hill,Subspecies,200,subsp.,Plantae,,,Myrtaceae,Eucalyptus,paniculata,matutina,matutina,,,,
Nomenclatural synonym,Eucalyptus paniculata,TRUE,Eucalyptus paniculata subsp. paniculata,,Eucalyptus paniculata Sm. subsp. paniculata,legitimate,autonym,[],Eucalyptus paniculata subsp. paniculata,,Subspecies,200,subsp.,Plantae,,,Myrtaceae,Eucalyptus,paniculata,paniculata,paniculata,,,,
,Eucalyptus parramattensis,TRUE,Eucalyptus parramattensis,APC,Eucalyptus parramattensis E.C.Hall,legitimate,scientific,[],Eucalyptus parramattensis,E.C.Hall,Species,190,sp.,Plantae,,,Myrtaceae,Eucalyptus,parramattensis,,parramattensis,,,,
,Eucalyptus parramattensis subsp. decadens,TRUE,Eucalyptus parramattensis subsp. decadens,APC,Eucalyptus parramattensis subsp. decadens L.A.S.Johnson & Blaxell,legitimate,scientific,[],Eucalyptus parramattensis subsp. decadens,L.A.S.Johnson & Blaxell,Subspecies,200,subsp.,Plantae,,,Myrtaceae,Eucalyptus,parramattensis,decadens,decadens,,,,
,Eucalyptus parramattensis subsp. parramattensis,TRUE,Eucalyptus parramattensis subsp. parramattensis,APC,Eucalyptus parramattensis E.C.Hall subsp. parramattensis,legitimate,autonym,[],Eucalyptus parramattensis subsp. parramattensis,,Subspecies,200,subsp.,Plantae,,,Myrtaceae,Eucalyptus,parramattensis,parramattensis,parramattensis,,,,
,Eucalyptus parvula,TRUE,Eucalyptus parvula,APC,Eucalyptus parvula L.A.S.Johnson & K.D.Hill,legitimate,scientific,[],Eucalyptus parvula,L.A.S.Johnson & K.D.Hill,Species,190,sp.,Plantae,,,Myrtaceae,Eucalyptus,parvula,,parvula,,,,
,Eucalyptus pauciflora,TRUE,Eucalyptus pauciflora,APC,Eucalyptus pauciflora Sieber ex Spreng.,legitimate,scientific,[],Eucalyptus pauciflora,Sieber ex Spreng.,Species,190,sp.,Plantae,,,Myrtaceae,Eucalyptus,pauciflora,,pauciflora,,,,
,Eucalyptus perriniana,TRUE,Eucalyptus perriniana,APC,Eucalyptus perriniana F.Muell. ex Rodway,legitimate,scientific,[],Eucalyptus perriniana,F.Muell. ex Rodway,Species,190,sp.,Plantae,,,Myrtaceae,Eucalyptus,perriniana,,perriniana,,,,
Taxonomic synonym,Eucalyptus woollsiana,TRUE,Eucalyptus pilligaensis,,Eucalyptus pilligaensis Maiden,legitimate,scientific,[],Eucalyptus pilligaensis,Maiden,Species,190,sp.,Plantae,,,Myrtaceae,Eucalyptus,pilligaensis,,pilligaensis,,,,
,Eucalyptus pilularis,TRUE,Eucalyptus pilularis,APC,Eucalyptus pilularis Sm.,legitimate,scientific,[],Eucalyptus pilularis,Sm.,Species,190,sp.,Plantae,,,Myrtaceae,Eucalyptus,pilularis,,pilularis,,,,
,Eucalyptus piperita,TRUE,Eucalyptus piperita,APC,Eucalyptus piperita Sm.,legitimate,scientific,[],Eucalyptus piperita,Sm.,Species,190,sp.,Plantae,,,Myrtaceae,Eucalyptus,piperita,,piperita,,,,
,Eucalyptus placita,TRUE,Eucalyptus placita,APC,Eucalyptus placita L.A.S.Johnson & K.D.Hill,legitimate,scientific,[],Eucalyptus placita,L.A.S.Johnson & K.D.Hill,Species,190,sp.,Plantae,,,Myrtaceae,Eucalyptus,placita,,placita,,,,
,Eucalyptus planchoniana,TRUE,Eucalyptus planchoniana,APC,Eucalyptus planchoniana F.Muell.,legitimate,scientific,[],Eucalyptus planchoniana,F.Muell.,Species,190,sp.,Plantae,,,Myrtaceae,Eucalyptus,planchoniana,,planchoniana,,,,
,Eucalyptus polyanthemos,TRUE,Eucalyptus polyanthemos,APC,Eucalyptus polyanthemos Schauer,legitimate,scientific,[],Eucalyptus polyanthemos,Schauer,Species,190,sp.,Plantae,,,Myrtaceae,Eucalyptus,polyanthemos,,polyanthemos,,,,
,Eucalyptus polyanthemos subsp. polyanthemos,TRUE,Eucalyptus polyanthemos subsp. polyanthemos,APC,Eucalyptus polyanthemos Schauer subsp. polyanthemos,legitimate,autonym,[],Eucalyptus polyanthemos subsp. polyanthemos,,Subspecies,200,subsp.,Plantae,,,Myrtaceae,Eucalyptus,polyanthemos,polyanthemos,polyanthemos,,,,
,Eucalyptus polyanthemos subsp. vestita,TRUE,Eucalyptus polyanthemos subsp. vestita,APC,Eucalyptus polyanthemos subsp. vestita L.A.S.Johnson & K.D.Hill,legitimate,scientific,[],Eucalyptus polyanthemos subsp. vestita,L.A.S.Johnson & K.D.Hill,Subspecies,200,subsp.,Plantae,,,Myrtaceae,Eucalyptus,polyanthemos,vestita,vestita,,,,
,Eucalyptus polybractea,TRUE,Eucalyptus polybractea,APC,Eucalyptus polybractea R.T.Baker,legitimate,scientific,[],Eucalyptus polybractea,R.T.Baker,Species,190,sp.,Plantae,,,Myrtaceae,Eucalyptus,polybractea,,polybractea,,,,
Taxonomic synonym,Eucalyptus populnea,TRUE,Eucalyptus populnea subsp. bimbil,,Eucalyptus populnea subsp. bimbil L.A.S.Johnson & K.D.Hill,legitimate,scientific,[],Eucalyptus populnea subsp. bimbil,L.A.S.Johnson & K.D.Hill,Subspecies,200,subsp.,Plantae,,,Myrtaceae,Eucalyptus,populnea,bimbil,bimbil,,,,
,Eucalyptus porosa,TRUE,Eucalyptus porosa,APC,Eucalyptus porosa F.Muell. ex Miq.,legitimate,scientific,[],Eucalyptus porosa,F.Muell. ex Miq.,Species,190,sp.,Plantae,,,Myrtaceae,Eucalyptus,porosa,,porosa,,,,
Nomenclatural synonym,Eucalyptus mannifera subsp. praecox,TRUE,Eucalyptus praecox,,Eucalyptus praecox Maiden,legitimate,scientific,[],Eucalyptus praecox,Maiden,Species,190,sp.,Plantae,,,Myrtaceae,Eucalyptus,praecox,,praecox,,,,
,Eucalyptus prava,TRUE,Eucalyptus prava,APC,Eucalyptus prava L.A.S.Johnson & K.D.Hill,legitimate,scientific,[],Eucalyptus prava,L.A.S.Johnson & K.D.Hill,Species,190,sp.,Plantae,,,Myrtaceae,Eucalyptus,prava,,prava,,,,
Taxonomic synonym,Eucalyptus youmanii,TRUE,Eucalyptus prominula,,Eucalyptus prominula L.A.S.Johnson & K.D.Hill,legitimate,scientific,[],Eucalyptus prominula,L.A.S.Johnson & K.D.Hill,Species,190,sp.,Plantae,,,Myrtaceae,Eucalyptus,prominula,,prominula,,,,
,Eucalyptus propinqua,TRUE,Eucalyptus propinqua,APC,Eucalyptus propinqua H.Deane & Maiden,legitimate,scientific,[],Eucalyptus propinqua,H.Deane & Maiden,Species,190,sp.,Plantae,,,Myrtaceae,Eucalyptus,propinqua,,propinqua,,,,
,Eucalyptus psammitica,TRUE,Eucalyptus psammitica,APC,Eucalyptus psammitica L.A.S.Johnson & K.D.Hill,legitimate,scientific,[],Eucalyptus psammitica,L.A.S.Johnson & K.D.Hill,Species,190,sp.,Plantae,,,Myrtaceae,Eucalyptus,psammitica,,psammitica,,,,
Nomenclatural synonym,Eucalyptus globulus subsp. pseudoglobulus,TRUE,Eucalyptus pseudoglobulus,,Eucalyptus pseudoglobulus (Naudin) Maiden,legitimate,scientific,[],Eucalyptus pseudoglobulus,(Naudin) Maiden,Species,190,sp.,Plantae,,,Myrtaceae,Eucalyptus,pseudoglobulus,,pseudoglobulus,,,,
,Eucalyptus pulverulenta,TRUE,Eucalyptus pulverulenta,APC,Eucalyptus pulverulenta Sims,legitimate,scientific,[],Eucalyptus pulverulenta,Sims,Species,190,sp.,Plantae,,,Myrtaceae,Eucalyptus,pulverulenta,,pulverulenta,,,,
,Eucalyptus pumila,TRUE,Eucalyptus pumila,APC,Eucalyptus pumila Cambage,legitimate,scientific,[],Eucalyptus pumila,Cambage,Species,190,sp.,Plantae,,,Myrtaceae,Eucalyptus,pumila,,pumila,,,,
,Eucalyptus punctata,TRUE,Eucalyptus punctata,APC,Eucalyptus punctata DC.,legitimate,scientific,[],Eucalyptus punctata,DC.,Species,190,sp.,Plantae,,,Myrtaceae,Eucalyptus,punctata,,punctata,,,,
Nomenclatural synonym,Eucalyptus punctata,FALSE,Eucalyptus punctata subsp. punctata,,not found,,,,,,,,,,,,,,,,,,,,
,Eucalyptus pyrocarpa,TRUE,Eucalyptus pyrocarpa,APC,Eucalyptus pyrocarpa L.A.S.Johnson & Blaxell,legitimate,scientific,[],Eucalyptus pyrocarpa,L.A.S.Johnson & Blaxell,Species,190,sp.,Plantae,,,Myrtaceae,Eucalyptus,pyrocarpa,,pyrocarpa,,,,
,Eucalyptus quadrangulata,TRUE,Eucalyptus quadrangulata,APC,Eucalyptus quadrangulata H.Deane & Maiden,legitimate,scientific,[],Eucalyptus quadrangulata,H.Deane & Maiden,Species,190,sp.,Plantae,,,Myrtaceae,Eucalyptus,quadrangulata,,quadrangulata,,,,
,Eucalyptus quinniorum,TRUE,Eucalyptus quinniorum,APC,Eucalyptus quinniorum J.T.Hunter & J.J.Bruhl,legitimate,scientific,[],Eucalyptus quinniorum,J.T.Hunter & J.J.Bruhl,Species,190,sp.,Plantae,,,Myrtaceae,Eucalyptus,quinniorum,,quinniorum,,,,
,Eucalyptus racemosa,TRUE,Eucalyptus racemosa,APC,Eucalyptus racemosa Cav.,legitimate,scientific,[],Eucalyptus racemosa,Cav.,Species,190,sp.,Plantae,,,Myrtaceae,Eucalyptus,racemosa,,racemosa,,,,
,Eucalyptus radiata,TRUE,Eucalyptus radiata,APC,Eucalyptus radiata Sieber ex DC.,legitimate,scientific,[],Eucalyptus radiata,Sieber ex DC.,Species,190,sp.,Plantae,,,Myrtaceae,Eucalyptus,radiata,,radiata,,,,
,Eucalyptus radiata subsp. radiata,TRUE,Eucalyptus radiata subsp. radiata,APC,Eucalyptus radiata Sieber ex DC. subsp. radiata,legitimate,autonym,[],Eucalyptus radiata subsp. radiata,,Subspecies,200,subsp.,Plantae,,,Myrtaceae,Eucalyptus,radiata,radiata,radiata,,,,
,Eucalyptus radiata subsp. sejuncta,TRUE,Eucalyptus radiata subsp. sejuncta,APC,Eucalyptus radiata subsp. sejuncta L.A.S.Johnson & K.D.Hill,legitimate,scientific,[],Eucalyptus radiata subsp. sejuncta,L.A.S.Johnson & K.D.Hill,Subspecies,200,subsp.,Plantae,,,Myrtaceae,Eucalyptus,radiata,sejuncta,sejuncta,,,,
Taxonomic synonym,Eucalyptus tenella,TRUE,Eucalyptus ralla,,Eucalyptus ralla L.A.S.Johnson & K.D.Hill,legitimate,scientific,[],Eucalyptus ralla,L.A.S.Johnson & K.D.Hill,Species,190,sp.,Plantae,,,Myrtaceae,Eucalyptus,ralla,,ralla,,,,
,Eucalyptus recurva,TRUE,Eucalyptus recurva,APC,Eucalyptus recurva Crisp,legitimate,scientific,[],Eucalyptus recurva,Crisp,Species,190,sp.,Plantae,,,Myrtaceae,Eucalyptus,recurva,,recurva,,,,
,Eucalyptus resinifera,TRUE,Eucalyptus resinifera,APC,Eucalyptus resinifera Sm.,legitimate,scientific,[],Eucalyptus resinifera,Sm.,Species,190,sp.,Plantae,,,Myrtaceae,Eucalyptus,resinifera,,resinifera,,,,
,Eucalyptus resinifera subsp. hemilampra,TRUE,Eucalyptus resinifera subsp. hemilampra,APC,Eucalyptus resinifera subsp. hemilampra (F.Muell.) L.A.S.Johnson & K.D.Hill,legitimate,scientific,[],Eucalyptus resinifera subsp. hemilampra,(F.Muell.) L.A.S.Johnson & K.D.Hill,Subspecies,200,subsp.,Plantae,,,Myrtaceae,Eucalyptus,resinifera,hemilampra,hemilampra,,,,
,Eucalyptus resinifera subsp. resinifera,TRUE,Eucalyptus resinifera subsp. resinifera,APC,Eucalyptus resinifera Sm. subsp. resinifera,legitimate,autonym,[],Eucalyptus resinifera subsp. resinifera,,Subspecies,200,subsp.,Plantae,,,Myrtaceae,Eucalyptus,resinifera,resinifera,resinifera,,,,
,Eucalyptus retinens,TRUE,Eucalyptus retinens,APC,Eucalyptus retinens L.A.S.Johnson & K.D.Hill,legitimate,scientific,[],Eucalyptus retinens,L.A.S.Johnson & K.D.Hill,Species,190,sp.,Plantae,,,Myrtaceae,Eucalyptus,retinens,,retinens,,,,
Nomenclatural synonym,Eucalyptus radiata subsp. robertsonii,TRUE,Eucalyptus robertsonii,,Eucalyptus robertsonii Blakely,legitimate,scientific,[],Eucalyptus robertsonii,Blakely,Species,190,sp.,Plantae,,,Myrtaceae,Eucalyptus,robertsonii,,robertsonii,,,,
Nomenclatural synonym,Eucalyptus radiata subsp. robertsonii,TRUE,Eucalyptus robertsonii subsp. hemisphaerica,,Eucalyptus robertsonii subsp. hemisphaerica L.A.S.Johnson & K.D.Hill,legitimate,scientific,[],Eucalyptus robertsonii subsp. hemisphaerica,L.A.S.Johnson & K.D.Hill,Subspecies,200,subsp.,Plantae,,,Myrtaceae,Eucalyptus,robertsonii,hemisphaerica,hemisphaerica,,,,
Nomenclatural synonym,Eucalyptus radiata subsp. robertsonii,TRUE,Eucalyptus robertsonii subsp. robertsonii,,Eucalyptus robertsonii Blakely subsp. robertsonii,legitimate,autonym,[],Eucalyptus robertsonii subsp. robertsonii,,Subspecies,200,subsp.,Plantae,,,Myrtaceae,Eucalyptus,robertsonii,robertsonii,robertsonii,,,,
,Eucalyptus robusta,TRUE,Eucalyptus robusta,APC,Eucalyptus robusta Sm.,legitimate,scientific,[],Eucalyptus robusta,Sm.,Species,190,sp.,Plantae,,,Myrtaceae,Eucalyptus,robusta,,robusta,,,,
,,FALSE,Eucalyptus robusta x saligna,,not found,,,,,,,,,,,,,,,,,,,,
,Eucalyptus rossii,TRUE,Eucalyptus rossii,APC,Eucalyptus rossii R.T.Baker & H.G.Sm.,nom. et typ. cons.,scientific,[],Eucalyptus rossii,R.T.Baker & H.G.Sm.,Species,190,sp.,Plantae,,,Myrtaceae,Eucalyptus,rossii,,rossii,,,,
,Eucalyptus rubida,TRUE,Eucalyptus rubida,APC,Eucalyptus rubida H.Deane & Maiden,legitimate,scientific,[],Eucalyptus rubida,H.Deane & Maiden,Species,190,sp.,Plantae,,,Myrtaceae,Eucalyptus,rubida,,rubida,,,,
,Eucalyptus rubida subsp. barbigerorum,TRUE,Eucalyptus rubida subsp. barbigerorum,APC,Eucalyptus rubida subsp. barbigerorum L.A.S.Johnson & K.D.Hill,legitimate,scientific,[],Eucalyptus rubida subsp. barbigerorum,L.A.S.Johnson & K.D.Hill,Subspecies,200,subsp.,Plantae,,,Myrtaceae,Eucalyptus,rubida,barbigerorum,barbigerorum,,,,
,Eucalyptus rubida subsp. rubida,TRUE,Eucalyptus rubida subsp. rubida,APC,Eucalyptus rubida H.Deane & Maiden subsp. rubida,legitimate,autonym,[],Eucalyptus rubida subsp. rubida,,Subspecies,200,subsp.,Plantae,,,Myrtaceae,Eucalyptus,rubida,rubida,rubida,,,,
,,FALSE,Eucalyptus rubida x viminalis,,not found,,,,,,,,,,,,,,,,,,,,
,Eucalyptus rudderi,TRUE,Eucalyptus rudderi,APC,Eucalyptus rudderi Maiden,legitimate,scientific,[],Eucalyptus rudderi,Maiden,Species,190,sp.,Plantae,,,Myrtaceae,Eucalyptus,rudderi,,rudderi,,,,
,Eucalyptus rummeryi,TRUE,Eucalyptus rummeryi,APC,Eucalyptus rummeryi Maiden,legitimate,scientific,[],Eucalyptus rummeryi,Maiden,Species,190,sp.,Plantae,,,Myrtaceae,Eucalyptus,rummeryi,,rummeryi,,,,
,Eucalyptus saligna,TRUE,Eucalyptus saligna,APC,Eucalyptus saligna Sm.,legitimate,scientific,[],Eucalyptus saligna,Sm.,Species,190,sp.,Plantae,,,Myrtaceae,Eucalyptus,saligna,,saligna,,,,
,Eucalyptus saxatilis,TRUE,Eucalyptus saxatilis,APC,Eucalyptus saxatilis J.B.Kirkp. & Brooker,legitimate,scientific,[],Eucalyptus saxatilis,J.B.Kirkp. & Brooker,Species,190,sp.,Plantae,,,Myrtaceae,Eucalyptus,saxatilis,,saxatilis,,,,
Taxonomic synonym,Eucalyptus bridgesiana,TRUE,Eucalyptus saxicola,,Eucalyptus saxicola J.T.Hunter,legitimate,scientific,[],Eucalyptus saxicola,J.T.Hunter,Species,190,sp.,Plantae,,,Myrtaceae,Eucalyptus,saxicola,,saxicola,,,,
,Eucalyptus scias,TRUE,Eucalyptus scias,APC,Eucalyptus scias L.A.S.Johnson & K.D.Hill,legitimate,scientific,[],Eucalyptus scias,L.A.S.Johnson & K.D.Hill,Species,190,sp.,Plantae,,,Myrtaceae,Eucalyptus,scias,,scias,,,,
,Eucalyptus scias subsp. apoda,TRUE,Eucalyptus scias subsp. apoda,APC,Eucalyptus scias subsp. apoda L.A.S.Johnson & K.D.Hill,legitimate,scientific,[],Eucalyptus scias subsp. apoda,L.A.S.Johnson & K.D.Hill,Subspecies,200,subsp.,Plantae,,,Myrtaceae,Eucalyptus,scias,apoda,apoda,,,,
Taxonomic synonym,Eucalyptus scias subsp. scias,TRUE,Eucalyptus scias subsp. callimastha,,Eucalyptus scias subsp. callimastha L.A.S.Johnson & K.D.Hill,legitimate,scientific,[],Eucalyptus scias subsp. callimastha,L.A.S.Johnson & K.D.Hill,Subspecies,200,subsp.,Plantae,,,Myrtaceae,Eucalyptus,scias,callimastha,callimastha,,,,
,Eucalyptus scias subsp. scias,TRUE,Eucalyptus scias subsp. scias,APC,Eucalyptus scias L.A.S.Johnson & K.D.Hill subsp. scias,legitimate,autonym,[],Eucalyptus scias subsp. scias,,Subspecies,200,subsp.,Plantae,,,Myrtaceae,Eucalyptus,scias,scias,scias,,,,
Taxonomic synonym,Eucalyptus racemosa,TRUE,Eucalyptus sclerophylla,,Eucalyptus sclerophylla (Blakely) L.A.S.Johnson & Blaxell,legitimate,scientific,[],Eucalyptus sclerophylla,(Blakely) L.A.S.Johnson & Blaxell,Species,190,sp.,Plantae,,,Myrtaceae,Eucalyptus,sclerophylla,,sclerophylla,,,,
,Eucalyptus scoparia,TRUE,Eucalyptus scoparia,APC,Eucalyptus scoparia Maiden,legitimate,scientific,[],Eucalyptus scoparia,Maiden,Species,190,sp.,Plantae,,,Myrtaceae,Eucalyptus,scoparia,,scoparia,,,,
,Eucalyptus seeana,TRUE,Eucalyptus seeana,APC,Eucalyptus seeana Maiden,legitimate,scientific,[],Eucalyptus seeana,Maiden,Species,190,sp.,Plantae,,,Myrtaceae,Eucalyptus,seeana,,seeana,,,,
Basionym,Eucalyptus moorei subsp. serpentinicola,TRUE,Eucalyptus serpentinicola,,Eucalyptus serpentinicola L.A.S.Johnson & Blaxell,legitimate,scientific,[],Eucalyptus serpentinicola,L.A.S.Johnson & Blaxell,Species,190,sp.,Plantae,,,Myrtaceae,Eucalyptus,serpentinicola,,serpentinicola,,,,
,Eucalyptus siderophloia,TRUE,Eucalyptus siderophloia,APC,Eucalyptus siderophloia Benth.,legitimate,scientific,[],Eucalyptus siderophloia,Benth.,Species,190,sp.,Plantae,,,Myrtaceae,Eucalyptus,siderophloia,,siderophloia,,,,
,Eucalyptus sideroxylon,TRUE,Eucalyptus sideroxylon,APC,Eucalyptus sideroxylon A.Cunn. ex Woolls,legitimate,scientific,[],Eucalyptus sideroxylon,A.Cunn. ex Woolls,Species,190,sp.,Plantae,,,Myrtaceae,Eucalyptus,sideroxylon,,sideroxylon,,,,
Could be E. x blackburniana but excluded from APC,,FALSE,Eucalyptus sideroxylon <--> viridis,,not found,,,,,,,,,,,,,,,,,,,,
,Eucalyptus sieberi,TRUE,Eucalyptus sieberi,APC,Eucalyptus sieberi L.A.S.Johnson,legitimate,scientific,[],Eucalyptus sieberi,L.A.S.Johnson,Species,190,sp.,Plantae,,,Myrtaceae,Eucalyptus,sieberi,,sieberi,,,,
Taxonomic synonym,Eucalyptus racemosa,TRUE,Eucalyptus signata,,Eucalyptus signata F.Muell.,legitimate,scientific,[],Eucalyptus signata,F.Muell.,Species,190,sp.,Plantae,,,Myrtaceae,Eucalyptus,signata,,signata,,,,
,Eucalyptus smithii,TRUE,Eucalyptus smithii,APC,Eucalyptus smithii R.T.Baker,legitimate,scientific,[],Eucalyptus smithii,R.T.Baker,Species,190,sp.,Plantae,,,Myrtaceae,Eucalyptus,smithii,,smithii,,,,
,Eucalyptus socialis,TRUE,Eucalyptus socialis,APC,Eucalyptus socialis F.Muell. ex Miq.,legitimate,scientific,[],Eucalyptus socialis,F.Muell. ex Miq.,Species,190,sp.,Plantae,,,Myrtaceae,Eucalyptus,socialis,,socialis,,,,
,,FALSE,Eucalyptus sp. aff. agglomerata,,not found,,,,,,,,,,,,,,,,,,,,
,,FALSE,Eucalyptus sp. aff. cameronii (Macleay-Apsley),,not found,,,,,,,,,,,,,,,,,,,,
,,FALSE,Eucalyptus sp. aff. dwyeri,,not found,,,,,,,,,,,,,,,,,,,,
,,FALSE,Eucalyptus sp. aff. fibrosa (Pokolbin),,not found,,,,,,,,,,,,,,,,,,,,
,,TRUE,Eucalyptus sp. aff. fibrosa (Yarrawa),,Eucalyptus sp. aff. fibrosa (Yarrawa),[n/a],phrase name,[],Eucalyptus sp. aff. fibrosa (Yarrawa),,Species,190,sp.,Plantae,,,Myrtaceae,Eucalyptus,sp. aff. fibrosa (Yarrawa),,sp. aff. fibrosa (Yarrawa),,,,
Taxonomic synonym,Eucalyptus mackintii,FALSE,Eucalyptus sp. aff. macrorhyncha,,not found,,,,,,,,,,,,,,,,,,,,
Regarded as an intergrade between Eucalyptus notabilis and Eucalyptus resinifera subsp. resinifera,Eucalyptus sp. Cattai,FALSE,Eucalyptus sp. Cattai,,not found,,,,,,,,,,,,,,,,,,,,
,Eucalyptus sparsifolia,TRUE,Eucalyptus sparsifolia,APC,Eucalyptus sparsifolia Blakely,legitimate,scientific,[],Eucalyptus sparsifolia,Blakely,Species,190,sp.,Plantae,,,Myrtaceae,Eucalyptus,sparsifolia,,sparsifolia,,,,
Taxonomic synonym,Eucalyptus stricta,TRUE,Eucalyptus spectatrix,,Eucalyptus spectatrix L.A.S.Johnson & Blaxell,legitimate,scientific,[],Eucalyptus spectatrix,L.A.S.Johnson & Blaxell,Species,190,sp.,Plantae,,,Myrtaceae,Eucalyptus,spectatrix,,spectatrix,,,,
,,FALSE,Eucalyptus spp.,,not found,,,,,,,,,,,,,,,,,,,,
,Eucalyptus squamosa,TRUE,Eucalyptus squamosa,APC,Eucalyptus squamosa H.Deane & Maiden,legitimate,scientific,[],Eucalyptus squamosa,H.Deane & Maiden,Species,190,sp.,Plantae,,,Myrtaceae,Eucalyptus,squamosa,,squamosa,,,,
,Eucalyptus stellulata,TRUE,Eucalyptus stellulata,APC,Eucalyptus stellulata Sieber ex DC.,legitimate,scientific,[],Eucalyptus stellulata,Sieber ex DC.,Species,190,sp.,Plantae,,,Myrtaceae,Eucalyptus,stellulata,,stellulata,,,,
,Eucalyptus stenostoma,TRUE,Eucalyptus stenostoma,APC,Eucalyptus stenostoma L.A.S.Johnson & Blaxell,legitimate,scientific,[],Eucalyptus stenostoma,L.A.S.Johnson & Blaxell,Species,190,sp.,Plantae,,,Myrtaceae,Eucalyptus,stenostoma,,stenostoma,,,,
,Eucalyptus stricta,TRUE,Eucalyptus stricta,APC,Eucalyptus stricta Sieber ex Spreng.,legitimate,scientific,[],Eucalyptus stricta,Sieber ex Spreng.,Species,190,sp.,Plantae,,,Myrtaceae,Eucalyptus,stricta,,stricta,,,,
,Eucalyptus sturgissiana,TRUE,Eucalyptus sturgissiana,APC,Eucalyptus sturgissiana L.A.S.Johnson & Blaxell,legitimate,scientific,[],Eucalyptus sturgissiana,L.A.S.Johnson & Blaxell,Species,190,sp.,Plantae,,,Myrtaceae,Eucalyptus,sturgissiana,,sturgissiana,,,,
Taxonomic synonym,Eucalyptus agglomerata,TRUE,Eucalyptus subcaerulea,,Eucalyptus subcaerulea K.D.Hill,legitimate,scientific,[],Eucalyptus subcaerulea,K.D.Hill,Species,190,sp.,Plantae,,,Myrtaceae,Eucalyptus,subcaerulea,,subcaerulea,,,,
Taxonomic synonym,Eucalyptus youmanii,TRUE,Eucalyptus subtilior,,Eucalyptus subtilior L.A.S.Johnson & K.D.Hill,legitimate,scientific,[],Eucalyptus subtilior,L.A.S.Johnson & K.D.Hill,Species,190,sp.,Plantae,,,Myrtaceae,Eucalyptus,subtilior,,subtilior,,,,
,Eucalyptus tenella,TRUE,Eucalyptus tenella,APC,Eucalyptus tenella L.A.S.Johnson & K.D.Hill,legitimate,scientific,[],Eucalyptus tenella,L.A.S.Johnson & K.D.Hill,Species,190,sp.,Plantae,,,Myrtaceae,Eucalyptus,tenella,,tenella,,,,
,Eucalyptus tereticornis,TRUE,Eucalyptus tereticornis,APC,Eucalyptus tereticornis Sm.,legitimate,scientific,[],Eucalyptus tereticornis,Sm.,Species,190,sp.,Plantae,,,Myrtaceae,Eucalyptus,tereticornis,,tereticornis,,,,
,Eucalyptus tereticornis subsp. tereticornis,TRUE,Eucalyptus tereticornis subsp. tereticornis,APC,Eucalyptus tereticornis Sm. subsp. tereticornis,legitimate,autonym,[],Eucalyptus tereticornis subsp. tereticornis,,Subspecies,200,subsp.,Plantae,,,Myrtaceae,Eucalyptus,tereticornis,tereticornis,tereticornis,,,,
,Eucalyptus tetrapleura,TRUE,Eucalyptus tetrapleura,APC,Eucalyptus tetrapleura L.A.S.Johnson,legitimate,scientific,[],Eucalyptus tetrapleura,L.A.S.Johnson,Species,190,sp.,Plantae,,,Myrtaceae,Eucalyptus,tetrapleura,,tetrapleura,,,,
,Eucalyptus tindaliae,TRUE,Eucalyptus tindaliae,APC,Eucalyptus tindaliae Blakely,legitimate,scientific,[],Eucalyptus tindaliae,Blakely,Species,190,sp.,Plantae,,,Myrtaceae,Eucalyptus,tindaliae,,tindaliae,,,,
,Eucalyptus tricarpa,TRUE,Eucalyptus tricarpa,APC,Eucalyptus tricarpa (L.A.S.Johnson) L.A.S.Johnson & K.D.Hill,legitimate,scientific,[],Eucalyptus tricarpa,(L.A.S.Johnson) L.A.S.Johnson & K.D.Hill,Species,190,sp.,Plantae,,,Myrtaceae,Eucalyptus,tricarpa,,tricarpa,,,,
,Eucalyptus triflora,TRUE,Eucalyptus triflora,APC,Eucalyptus triflora (Maiden) Blakely,legitimate,scientific,[],Eucalyptus triflora,(Maiden) Blakely,Species,190,sp.,Plantae,,,Myrtaceae,Eucalyptus,triflora,,triflora,,,,
Basionym,Eucalyptus cinerea subsp. triplex,TRUE,Eucalyptus triplex,,Eucalyptus triplex L.A.S.Johnson & K.D.Hill,legitimate,scientific,[],Eucalyptus triplex,L.A.S.Johnson & K.D.Hill,Species,190,sp.,Plantae,,,Myrtaceae,Eucalyptus,triplex,,triplex,,,,
,Eucalyptus umbra,TRUE,Eucalyptus umbra,APC,Eucalyptus umbra R.T.Baker,legitimate,scientific,[],Eucalyptus umbra,R.T.Baker,Species,190,sp.,Plantae,,,Myrtaceae,Eucalyptus,umbra,,umbra,,,,
,Eucalyptus vicina,TRUE,Eucalyptus vicina,APC,Eucalyptus vicina L.A.S.Johnson & K.D.Hill,legitimate,scientific,[],Eucalyptus vicina,L.A.S.Johnson & K.D.Hill,Species,190,sp.,Plantae,,,Myrtaceae,Eucalyptus,vicina,,vicina,,,,
,Eucalyptus viminalis,TRUE,Eucalyptus viminalis,APC,Eucalyptus viminalis Labill.,legitimate,scientific,[],Eucalyptus viminalis,Labill.,Species,190,sp.,Plantae,,,Myrtaceae,Eucalyptus,viminalis,,viminalis,,,,
,,FALSE,Eucalyptus viminalis subsp. luxurians,,not found,,,,,,,,,,,,,,,,,,,,
,Eucalyptus viridis,TRUE,Eucalyptus viridis,APC,Eucalyptus viridis R.T.Baker,legitimate,scientific,[],Eucalyptus viridis,R.T.Baker,Species,190,sp.,Plantae,,,Myrtaceae,Eucalyptus,viridis,,viridis,,,,
,Eucalyptus volcanica,TRUE,Eucalyptus volcanica,APC,Eucalyptus volcanica L.A.S.Johnson & K.D.Hill,legitimate,scientific,[],Eucalyptus volcanica,L.A.S.Johnson & K.D.Hill,Species,190,sp.,Plantae,,,Myrtaceae,Eucalyptus,volcanica,,volcanica,,,,
,Eucalyptus wilcoxii,TRUE,Eucalyptus wilcoxii,APC,Eucalyptus wilcoxii Boland & Kleinig,legitimate,scientific,[],Eucalyptus wilcoxii,Boland & Kleinig,Species,190,sp.,Plantae,,,Myrtaceae,Eucalyptus,wilcoxii,,wilcoxii,,,,
,Eucalyptus williamsiana,TRUE,Eucalyptus williamsiana,APC,Eucalyptus williamsiana L.A.S.Johnson & K.D.Hill,legitimate,scientific,[],Eucalyptus williamsiana,L.A.S.Johnson & K.D.Hill,Species,190,sp.,Plantae,,,Myrtaceae,Eucalyptus,williamsiana,,williamsiana,,,,
Excluded from APC,Excluded from APC,TRUE,Eucalyptus x kirtoniana,APC Excluded,Eucalyptus x kirtoniana F.Muell.,nom. alt.,named hybrid,[],Eucalyptus x kirtoniana,F.Muell.,Species,190,sp.,Plantae,,,Myrtaceae,Eucalyptus,kirtoniana,,kirtoniana,Eucalyptus L'Hér.,https://id.biodiversity.org.au/name/apni/102507,,
Excluded from APC,Excluded from APC,TRUE,Eucalyptus x vitrea,APC Excluded,Eucalyptus x vitrea R.T.Baker,legitimate,named hybrid,[],Eucalyptus x vitrea,R.T.Baker,Species,190,sp.,Plantae,,,Myrtaceae,Eucalyptus,vitrea,,vitrea,Eucalyptus L'Hér.,https://id.biodiversity.org.au/name/apni/102507,,
,Eucalyptus youmanii,TRUE,Eucalyptus youmanii,APC,Eucalyptus youmanii Blakely & McKie,legitimate,scientific,[],Eucalyptus youmanii,Blakely & McKie,Species,190,sp.,Plantae,,,Myrtaceae,Eucalyptus,youmanii,,youmanii,,,,
