Confirmed_name,Found.,Search.term,Matched.name.BioNet,Name.type.BioNet,BioNet_unassigned,EUCLID_checked,EUCLID_no_match,Matched.name.EUCLID,Name.type.EUCLID,canonicalName
Angophora bakeri,TRUE,Angophora bakeri,Angophora bakeri E.C.Hall,scientific,Angophora bakeri,Angophora bakeri subsp. bakeri,NA,Angophora bakeri E.C.Hall subsp. bakeri,autonym,Angophora bakeri subsp. bakeri
Angophora bakeri,TRUE,Angophora bakeri,Angophora bakeri E.C.Hall,scientific,Angophora bakeri subsp. bakeri,Angophora bakeri subsp. bakeri,NA,Angophora bakeri E.C.Hall subsp. bakeri,autonym,Angophora bakeri subsp. bakeri
Angophora bakeri subsp. bakeri,TRUE,Angophora exul,Angophora exul K.D.Hill,scientific,Angophora exul,Angophora bakeri subsp. bakeri,NA,Angophora bakeri E.C.Hall subsp. bakeri,autonym,Angophora bakeri subsp. bakeri
Angophora bakeri subsp. bakeri ,TRUE,Angophora paludosa,Angophora paludosa (G.J.Leach) K.R.Thiele & Ladiges,scientific,Angophora bakeri subsp. paludosa,Eucalyptus ovata subsp. ovata,NA,Eucalyptus ovata Labill. subsp. ovata,autonym,Eucalyptus ovata subsp. ovata
Angophora bakeri subsp. bakeri ,TRUE,Angophora paludosa,Angophora paludosa (G.J.Leach) K.R.Thiele & Ladiges,scientific,Angophora paludosa,Eucalyptus ovata subsp. ovata,NA,Eucalyptus ovata Labill. subsp. ovata,autonym,Eucalyptus ovata subsp. ovata
Angophora bakeri subsp. crassifolia,TRUE,Angophora crassifolia,Angophora crassifolia (G.J.Leach) L.A.S.Johnson & K.D.Hill,scientific,Angophora bakeri subsp. crassifolia,Angophora bakeri subsp. crassifolia,NA,Angophora bakeri subsp. crassifolia G.J.Leach,scientific,Angophora bakeri subsp. crassifolia
Angophora bakeri subsp. crassifolia,TRUE,Angophora crassifolia,Angophora crassifolia (G.J.Leach) L.A.S.Johnson & K.D.Hill,scientific,Angophora crassifolia,Angophora bakeri subsp. crassifolia,NA,Angophora bakeri subsp. crassifolia G.J.Leach,scientific,Angophora bakeri subsp. crassifolia
Angophora costata,TRUE,Angophora costata,Angophora costata (Gaertn.) Britten,scientific,Angophora costata,Angophora costata subsp. costata,NA,Angophora costata (Gaertn.) Britten subsp. costata,autonym,Angophora costata subsp. costata
Angophora costata,TRUE,Angophora costata,Angophora costata (Gaertn.) Britten,scientific,Angophora costata subsp. costata,Angophora costata subsp. costata,NA,Angophora costata (Gaertn.) Britten subsp. costata,autonym,Angophora costata subsp. costata
Angophora costata subsp. euryphylla,TRUE,Angophora euryphylla,Angophora euryphylla (G.J.Leach) L.A.S.Johnson & K.D.Hill,scientific,Angophora costata subsp. euryphylla,Angophora costata subsp. euryphylla,NA,Angophora costata subsp. euryphylla L.A.S.Johnson ex G.J.Leach,scientific,Angophora costata subsp. euryphylla
Angophora costata subsp. euryphylla,TRUE,Angophora euryphylla,Angophora euryphylla (G.J.Leach) L.A.S.Johnson & K.D.Hill,scientific,Angophora euryphylla,Angophora costata subsp. euryphylla,NA,Angophora costata subsp. euryphylla L.A.S.Johnson ex G.J.Leach,scientific,Angophora costata subsp. euryphylla
Angophora floribunda,TRUE,Angophora floribunda,Angophora floribunda (Sm.) Sweet,scientific,Angophora floribunda,Angophora floribunda,NA,Angophora floribunda (Sm.) Sweet,scientific,Angophora floribunda
Angophora hispida,TRUE,Angophora hispida,Angophora hispida (Sm.) Blaxell,scientific,Angophora hispida,Angophora hispida,NA,Angophora hispida (Sm.) Blaxell,scientific,Angophora hispida
Angophora inopina,TRUE,Angophora inopina,Angophora inopina K.D.Hill,scientific,Angophora inopina,Angophora inopina,NA,Angophora inopina K.D.Hill,scientific,Angophora inopina
Angophora leiocarpa,TRUE,Angophora leiocarpa,Angophora leiocarpa (L.A.S.Johnson ex G.J.Leach) K.R.Thiele & Ladiges,scientific,Angophora costata subsp. leiocarpa,Angophora costata subsp. leiocarpa,NA,Angophora costata subsp. leiocarpa L.A.S.Johnson ex G.J.Leach,scientific,Angophora costata subsp. leiocarpa
Angophora leiocarpa,TRUE,Angophora leiocarpa,Angophora leiocarpa (L.A.S.Johnson ex G.J.Leach) K.R.Thiele & Ladiges,scientific,Angophora leiocarpa,Angophora costata subsp. leiocarpa,NA,Angophora costata subsp. leiocarpa L.A.S.Johnson ex G.J.Leach,scientific,Angophora costata subsp. leiocarpa
Angophora melanoxylon,TRUE,Angophora melanoxylon,Angophora melanoxylon R.T.Baker,scientific,Angophora melanoxylon,Angophora melanoxylon,NA,Angophora melanoxylon R.T.Baker,scientific,Angophora melanoxylon
Angophora robur,TRUE,Angophora robur,Angophora robur L.A.S.Johnson & K.D.Hill,scientific,Angophora robur,Angophora robur,NA,Angophora robur L.A.S.Johnson & K.D.Hill,scientific,Angophora robur
Angophora subvelutina,TRUE,Angophora subvelutina,Angophora subvelutina F.Muell.,scientific,Angophora subvelutina,Angophora subvelutina,NA,Angophora subvelutina F.Muell.,scientific,Angophora subvelutina
Angophora woodsiana,TRUE,Angophora woodsiana,Angophora woodsiana F.M.Bailey,scientific,Angophora woodsiana,Angophora woodsiana,NA,Angophora woodsiana F.M.Bailey,scientific,Angophora woodsiana
Corymbia citriodora,TRUE,Corymbia citriodora,Corymbia citriodora (Hook.) K.D.Hill & L.A.S.Johnson,scientific,Corymbia citriodora,Corymbia citriodora,NA,Corymbia citriodora (Hook.) K.D.Hill & L.A.S.Johnson,scientific,Corymbia citriodora
Corymbia citriodora,TRUE,Corymbia citriodora,Corymbia citriodora (Hook.) K.D.Hill & L.A.S.Johnson,scientific,Corymbia citriodora subsp. variegata,Corymbia citriodora,NA,Corymbia citriodora (Hook.) K.D.Hill & L.A.S.Johnson,scientific,Corymbia citriodora
Corymbia citriodora,TRUE,Corymbia variegata,Corymbia variegata (F.Muell.) K.D.Hill & L.A.S.Johnson,scientific,Corymbia variegata,Corymbia citriodora,NA,Corymbia citriodora (Hook.) K.D.Hill & L.A.S.Johnson,scientific,Corymbia citriodora
Corymbia clarksoniana,TRUE,Corymbia dolichocarpa,Corymbia dolichocarpa (D.J.Carr & S.G.M.Carr) K.D.Hill & L.A.S.Johnson,scientific,Corymbia dolichocarpa,Corymbia clarksoniana,NA,Corymbia clarksoniana (D.J.Carr & S.G.M.Carr) K.D.Hill & L.A.S.Johnson,scientific,Corymbia clarksoniana
Corymbia clarksoniana,TRUE,Corymbia dolichocarpa,Corymbia dolichocarpa (D.J.Carr & S.G.M.Carr) K.D.Hill & L.A.S.Johnson,scientific,Eucalyptus dolichocarpa,Corymbia clarksoniana,NA,Corymbia clarksoniana (D.J.Carr & S.G.M.Carr) K.D.Hill & L.A.S.Johnson,scientific,Corymbia clarksoniana
Corymbia clarksoniana,TRUE,Corymbia dolichocarpa,Corymbia dolichocarpa (D.J.Carr & S.G.M.Carr) K.D.Hill & L.A.S.Johnson,scientific,Eucalyptus polycarpa,Corymbia clarksoniana,NA,Corymbia clarksoniana (D.J.Carr & S.G.M.Carr) K.D.Hill & L.A.S.Johnson,scientific,Corymbia clarksoniana
Corymbia eximia,TRUE,Corymbia eximia,Corymbia eximia (Schauer) K.D.Hill & L.A.S.Johnson,scientific,Corymbia eximia,Corymbia eximia,NA,Corymbia eximia (Schauer) K.D.Hill & L.A.S.Johnson,scientific,Corymbia eximia
Corymbia eximia,TRUE,Corymbia eximia,Corymbia eximia (Schauer) K.D.Hill & L.A.S.Johnson,scientific,Eucalyptus eximia,Corymbia eximia,NA,Corymbia eximia (Schauer) K.D.Hill & L.A.S.Johnson,scientific,Corymbia eximia
Corymbia gummifera,TRUE,Corymbia gummifera,Corymbia gummifera (Gaertn.) K.D.Hill & L.A.S.Johnson,scientific,Corymbia gummifera,Corymbia gummifera,NA,Corymbia gummifera (Gaertn.) K.D.Hill & L.A.S.Johnson,scientific,Corymbia gummifera
Corymbia gummifera,TRUE,Corymbia gummifera,Corymbia gummifera (Gaertn.) K.D.Hill & L.A.S.Johnson,scientific,Eucalyptus gummifera,Corymbia gummifera,NA,Corymbia gummifera (Gaertn.) K.D.Hill & L.A.S.Johnson,scientific,Corymbia gummifera
Corymbia henryi,TRUE,Corymbia henryi,Corymbia henryi (S.T.Blake) K.D.Hill & L.A.S.Johnson,scientific,Corymbia henryi,Corymbia henryi,NA,Corymbia henryi (S.T.Blake) K.D.Hill & L.A.S.Johnson,scientific,Corymbia henryi
Corymbia henryi,TRUE,Corymbia henryi,Corymbia henryi (S.T.Blake) K.D.Hill & L.A.S.Johnson,scientific,Eucalyptus henryi,Corymbia henryi,NA,Corymbia henryi (S.T.Blake) K.D.Hill & L.A.S.Johnson,scientific,Corymbia henryi
Corymbia intermedia,TRUE,Corymbia intermedia,Corymbia intermedia (R.T.Baker) K.D.Hill & L.A.S.Johnson,scientific,Corymbia intermedia,Corymbia intermedia,NA,Corymbia intermedia (R.T.Baker) K.D.Hill & L.A.S.Johnson,scientific,Corymbia intermedia
Corymbia intermedia,TRUE,Corymbia intermedia,Corymbia intermedia (R.T.Baker) K.D.Hill & L.A.S.Johnson,scientific,Eucalyptus intermedia,Corymbia intermedia,NA,Corymbia intermedia (R.T.Baker) K.D.Hill & L.A.S.Johnson,scientific,Corymbia intermedia
Corymbia maculata,TRUE,Corymbia maculata,Corymbia maculata (Hook.) K.D.Hill & L.A.S.Johnson,scientific,Corymbia maculata,Corymbia maculata,NA,Corymbia maculata (Hook.) K.D.Hill & L.A.S.Johnson,scientific,Corymbia maculata
Corymbia maculata,TRUE,Corymbia maculata,Corymbia maculata (Hook.) K.D.Hill & L.A.S.Johnson,scientific,Eucalyptus maculata,Corymbia maculata,NA,Corymbia maculata (Hook.) K.D.Hill & L.A.S.Johnson,scientific,Corymbia maculata
Corymbia terminalis,TRUE,Corymbia tumescens,Corymbia tumescens K.D.Hill & L.A.S.Johnson,scientific,Corymbia tumescens,Corymbia terminalis,NA,Corymbia terminalis (F.Muell.) K.D.Hill & L.A.S.Johnson,scientific,Corymbia terminalis
Corymbia terminalis,TRUE,Corymbia tumescens,Corymbia tumescens K.D.Hill & L.A.S.Johnson,scientific,Eucalyptus opaca,Corymbia terminalis,NA,Corymbia terminalis (F.Muell.) K.D.Hill & L.A.S.Johnson,scientific,Corymbia terminalis
Corymbia terminalis,TRUE,Corymbia tumescens,Corymbia tumescens K.D.Hill & L.A.S.Johnson,scientific,Eucalyptus terminalis,Corymbia terminalis,NA,Corymbia terminalis (F.Muell.) K.D.Hill & L.A.S.Johnson,scientific,Corymbia terminalis
Corymbia tessellaris,TRUE,Corymbia tessellaris,Corymbia tessellaris (F.Muell.) K.D.Hill & L.A.S.Johnson,scientific,Corymbia tessellaris,Corymbia tessellaris,NA,Corymbia tessellaris (F.Muell.) K.D.Hill & L.A.S.Johnson,scientific,Corymbia tessellaris
Corymbia tessellaris,TRUE,Corymbia tessellaris,Corymbia tessellaris (F.Muell.) K.D.Hill & L.A.S.Johnson,scientific,Eucalyptus tessellaris,Corymbia tessellaris,NA,Corymbia tessellaris (F.Muell.) K.D.Hill & L.A.S.Johnson,scientific,Corymbia tessellaris
Corymbia torelliana,TRUE,Corymbia torelliana,Corymbia torelliana (F.Muell.) K.D.Hill & L.A.S.Johnson,scientific,Corymbia torelliana,Corymbia torelliana,NA,Corymbia torelliana (F.Muell.) K.D.Hill & L.A.S.Johnson,scientific,Corymbia torelliana
Corymbia torelliana,TRUE,Corymbia torelliana,Corymbia torelliana (F.Muell.) K.D.Hill & L.A.S.Johnson,scientific,Eucalyptus torelliana,Corymbia torelliana,NA,Corymbia torelliana (F.Muell.) K.D.Hill & L.A.S.Johnson,scientific,Corymbia torelliana
Corymbia trachyphloia,TRUE,Corymbia trachyphloia,Corymbia trachyphloia (F.Muell.) K.D.Hill & L.A.S.Johnson,scientific,Corymbia trachyphloia,Corymbia trachyphloia,NA,Corymbia trachyphloia (F.Muell.) K.D.Hill & L.A.S.Johnson,scientific,Corymbia trachyphloia
Corymbia trachyphloia,TRUE,Corymbia trachyphloia subsp. amphistomatica,Corymbia trachyphloia subsp. amphistomatica K.D.Hill & L.A.S.Johnson,scientific,Corymbia trachyphloia subsp. amphistomatica,Corymbia trachyphloia,NA,Corymbia trachyphloia (F.Muell.) K.D.Hill & L.A.S.Johnson,scientific,Corymbia trachyphloia
Corymbia trachyphloia,TRUE,Corymbia trachyphloia subsp. trachyphloia,Corymbia trachyphloia (F.Muell.) K.D.Hill & L.A.S.Johnson subsp. trachyphloia,autonym,Corymbia trachyphloia subsp. trachyphloia,Corymbia trachyphloia,NA,Corymbia trachyphloia (F.Muell.) K.D.Hill & L.A.S.Johnson,scientific,Corymbia trachyphloia
Eucalyptus acaciiformis,TRUE,Eucalyptus acaciiformis,Eucalyptus acaciiformis H.Deane & Maiden,scientific,Eucalyptus acaciiformis,Eucalyptus acaciiformis,NA,Eucalyptus acaciiformis H.Deane & Maiden,scientific,Eucalyptus acaciiformis
Eucalyptus acmenoides,TRUE,Eucalyptus acmenoides,Eucalyptus acmenoides Schauer,scientific,Eucalyptus acmenioides,Eucalyptus acmenoides,NA,Eucalyptus acmenoides Schauer,scientific,Eucalyptus acmenoides
Eucalyptus acmenoides,TRUE,Eucalyptus acmenoides,Eucalyptus acmenoides Schauer,scientific,Eucalyptus acmenoides,Eucalyptus acmenoides,NA,Eucalyptus acmenoides Schauer,scientific,Eucalyptus acmenoides
Eucalyptus agglomerata,TRUE,Eucalyptus agglomerata,Eucalyptus agglomerata Maiden,scientific,Eucalyptus agglomerata,Eucalyptus agglomerata,NA,Eucalyptus agglomerata Maiden,scientific,Eucalyptus agglomerata
Eucalyptus agglomerata,TRUE,Eucalyptus subcaerulea,Eucalyptus subcaerulea K.D.Hill,scientific,NA,NA,NA,NA,NA,NA
Eucalyptus aggregata,TRUE,Eucalyptus aggregata,Eucalyptus aggregata H.Deane & Maiden,scientific,Eucalyptus aggregata,Eucalyptus aggregata,NA,Eucalyptus aggregata H.Deane & Maiden,scientific,Eucalyptus aggregata
Eucalyptus albens,TRUE,Eucalyptus albens,Eucalyptus albens Benth.,scientific,Eucalyptus albens,Eucalyptus albens,NA,Eucalyptus albens Benth.,scientific,Eucalyptus albens
Eucalyptus amplifolia,TRUE,Eucalyptus amplifolia,Eucalyptus amplifolia Naudin,scientific,Eucalyptus amplifolia,Eucalyptus amplifolia subsp. sessiliflora,NA,Eucalyptus amplifolia subsp. sessiliflora (Blakely) L.A.S.Johnson & K.D.Hill,scientific,Eucalyptus amplifolia subsp. sessiliflora
Eucalyptus amplifolia subsp. amplifolia,TRUE,Eucalyptus amplifolia subsp. amplifolia,Eucalyptus amplifolia Naudin subsp. amplifolia,autonym,Eucalyptus amplifolia subsp. amplifolia,Eucalyptus amplifolia subsp. amplifolia,NA,Eucalyptus amplifolia Naudin subsp. amplifolia,autonym,Eucalyptus amplifolia subsp. amplifolia
Eucalyptus amplifolia subsp. sessiliflora,TRUE,Eucalyptus amplifolia subsp. sessiliflora,Eucalyptus amplifolia subsp. sessiliflora (Blakely) L.A.S.Johnson & K.D.Hill,scientific,Eucalyptus amplifolia subsp. sessiliflora,Eucalyptus amplifolia subsp. sessiliflora,NA,Eucalyptus amplifolia subsp. sessiliflora (Blakely) L.A.S.Johnson & K.D.Hill,scientific,Eucalyptus amplifolia subsp. sessiliflora
Eucalyptus ancophila,TRUE,Eucalyptus ancophila,Eucalyptus ancophila L.A.S.Johnson & K.D.Hill,scientific,Eucalyptus ancophila,Eucalyptus ancophila,NA,Eucalyptus ancophila L.A.S.Johnson & K.D.Hill,scientific,Eucalyptus ancophila
Eucalyptus andrewsii,TRUE,Eucalyptus andrewsii,Eucalyptus andrewsii Maiden,scientific,Eucalyptus andrewsii,Eucalyptus andrewsii subsp. andrewsii,NA,Eucalyptus andrewsii Maiden subsp. andrewsii,autonym,Eucalyptus andrewsii subsp. andrewsii
Eucalyptus andrewsii,TRUE,Eucalyptus andrewsii,Eucalyptus andrewsii Maiden,scientific,Eucalyptus andrewsii subsp. andrewsii,Eucalyptus andrewsii subsp. andrewsii,NA,Eucalyptus andrewsii Maiden subsp. andrewsii,autonym,Eucalyptus andrewsii subsp. andrewsii
Eucalyptus angophoroides,TRUE,Eucalyptus angophoroides,Eucalyptus angophoroides R.T.Baker,scientific,Eucalyptus angophoroides,Eucalyptus angophoroides,NA,Eucalyptus angophoroides R.T.Baker,scientific,Eucalyptus angophoroides
Eucalyptus apiculata,TRUE,Eucalyptus apiculata,Eucalyptus apiculata R.T.Baker & H.G.Sm.,scientific,Eucalyptus apiculata,Eucalyptus apiculata,NA,Eucalyptus apiculata R.T.Baker & H.G.Sm.,scientific,Eucalyptus apiculata
Eucalyptus apiculata,TRUE,Eucalyptus laophila,Eucalyptus laophila L.A.S.Johnson & Blaxell,scientific,NA,NA,NA,NA,NA,NA
Eucalyptus apothalassica,TRUE,Eucalyptus apothalassica,Eucalyptus apothalassica L.A.S.Johnson & K.D.Hill,scientific,Eucalyptus apothalassica,Eucalyptus apothalassica,NA,Eucalyptus apothalassica L.A.S.Johnson & K.D.Hill,scientific,Eucalyptus apothalassica
Eucalyptus approximans,TRUE,Eucalyptus approximans,Eucalyptus approximans Maiden,scientific,Eucalyptus approximans,Eucalyptus approximans subsp. approximans,NA,Eucalyptus approximans Maiden subsp. approximans,autonym,Eucalyptus approximans subsp. approximans
Eucalyptus aquatica,TRUE,Eucalyptus aquatica,Eucalyptus aquatica (Blakely) L.A.S.Johnson & K.D.Hill,scientific,Eucalyptus aquatica,Eucalyptus camphora subsp. camphora,NA,Eucalyptus camphora R.T.Baker subsp. camphora,autonym,Eucalyptus camphora subsp. camphora
Eucalyptus badjensis,TRUE,Eucalyptus badjensis,Eucalyptus badjensis Beuzev. & M.B.Welch,scientific,Eucalyptus badjensis,Eucalyptus badjensis,NA,Eucalyptus badjensis Beuzev. & M.B.Welch,scientific,Eucalyptus badjensis
Eucalyptus baeuerlenii,TRUE,Eucalyptus baeuerlenii,Eucalyptus baeuerlenii F.Muell.,scientific,Eucalyptus baeuerlenii,Eucalyptus baeuerlenii,NA,Eucalyptus baeuerlenii F.Muell.,scientific,Eucalyptus baeuerlenii
Eucalyptus baileyana,TRUE,Eucalyptus baileyana,Eucalyptus baileyana F.Muell.,scientific,Eucalyptus baileyana,Eucalyptus baileyana,NA,Eucalyptus baileyana F.Muell.,scientific,Eucalyptus baileyana
Eucalyptus bakeri,TRUE,Eucalyptus bakeri,Eucalyptus bakeri Maiden,scientific,Eucalyptus bakeri,Eucalyptus bakeri,NA,Eucalyptus bakeri Maiden,scientific,Eucalyptus bakeri
Eucalyptus bancroftii,TRUE,Eucalyptus bancroftii,Eucalyptus bancroftii (Maiden) Maiden,scientific,Eucalyptus bancroftii,Eucalyptus bancroftii,NA,Eucalyptus bancroftii (Maiden) Maiden,scientific,Eucalyptus bancroftii
Eucalyptus banksii,TRUE,Eucalyptus banksii,Eucalyptus banksii Maiden,scientific,Eucalyptus banksii,Eucalyptus banksii,NA,Eucalyptus banksii Maiden,scientific,Eucalyptus banksii
Eucalyptus baueriana,TRUE,Eucalyptus baueriana,Eucalyptus baueriana Schauer,scientific,Eucalyptus bauerana,Eucalyptus baueriana,NA,Eucalyptus baueriana Schauer,scientific,Eucalyptus baueriana
Eucalyptus baueriana,TRUE,Eucalyptus baueriana,Eucalyptus baueriana Schauer,scientific,Eucalyptus baueriana,Eucalyptus baueriana,NA,Eucalyptus baueriana Schauer,scientific,Eucalyptus baueriana
Eucalyptus baxteri,TRUE,Eucalyptus baxteri,Eucalyptus baxteri (Benth.) Maiden & Blakely ex J.M.Black,scientific,Eucalyptus baxteri,Eucalyptus baxteri,NA,Eucalyptus baxteri (Benth.) Maiden & Blakely ex J.M.Black,scientific,Eucalyptus baxteri
Eucalyptus behriana,TRUE,Eucalyptus behriana,Eucalyptus behriana F.Muell.,scientific,Eucalyptus behriana,Eucalyptus behriana,NA,Eucalyptus behriana F.Muell.,scientific,Eucalyptus behriana
Eucalyptus bensonii,TRUE,Eucalyptus bensonii,Eucalyptus bensonii L.A.S.Johnson & K.D.Hill,scientific,Eucalyptus bensonii,Eucalyptus bensonii,NA,Eucalyptus bensonii L.A.S.Johnson & K.D.Hill,scientific,Eucalyptus bensonii
Eucalyptus benthamii,TRUE,Eucalyptus benthamii,Eucalyptus benthamii Maiden & Cambage,scientific,Eucalyptus benthamii,Eucalyptus benthamii,NA,Eucalyptus benthamii Maiden & Cambage,scientific,Eucalyptus benthamii
Eucalyptus beyeriana,TRUE,Eucalyptus beyeriana,Eucalyptus beyeriana L.A.S.Johnson & K.D.Hill,scientific,Eucalyptus beyeri,Eucalyptus beyeri,NA,not found,,
Eucalyptus beyeriana,TRUE,Eucalyptus beyeriana,Eucalyptus beyeriana L.A.S.Johnson & K.D.Hill,scientific,Eucalyptus beyeriana,Eucalyptus beyeri,NA,not found,,
Eucalyptus blakelyi,TRUE,Eucalyptus blakelyi,Eucalyptus blakelyi Maiden,scientific,Eucalyptus blakelyi,Eucalyptus blakelyi,NA,Eucalyptus blakelyi Maiden,scientific,Eucalyptus blakelyi
Eucalyptus blaxlandii,TRUE,Eucalyptus blaxlandii,Eucalyptus blaxlandii Maiden & Cambage,scientific,Eucalyptus blaxlandii,Eucalyptus blaxlandii,NA,Eucalyptus blaxlandii Maiden & Cambage,scientific,Eucalyptus blaxlandii
Eucalyptus boliviana,TRUE,Eucalyptus boliviana,Eucalyptus boliviana J.B.Williams & K.D.Hill,scientific,Eucalyptus boliviana,Eucalyptus boliviana,NA,Eucalyptus boliviana J.B.Williams & K.D.Hill,scientific,Eucalyptus boliviana
Eucalyptus bosistoana,TRUE,Eucalyptus bosistoana,Eucalyptus bosistoana F.Muell.,scientific,Eucalyptus bosistoana,Eucalyptus bosistoana,NA,Eucalyptus bosistoana F.Muell.,scientific,Eucalyptus bosistoana
Eucalyptus botryoides,TRUE,Eucalyptus botryoides,Eucalyptus botryoides Sm.,scientific,Eucalyptus botryoides,Eucalyptus botryoides,NA,Eucalyptus botryoides Sm.,scientific,Eucalyptus botryoides
Eucalyptus bridgesiana,TRUE,Eucalyptus bridgesiana,Eucalyptus bridgesiana R.T.Baker,scientific,Eucalyptus bridgesiana,Eucalyptus bridgesiana,NA,Eucalyptus bridgesiana R.T.Baker,scientific,Eucalyptus bridgesiana
Eucalyptus bridgesiana,TRUE,Eucalyptus saxicola,Eucalyptus saxicola J.T.Hunter,scientific,NA,NA,NA,NA,NA,NA
Eucalyptus burgessiana,TRUE,Eucalyptus burgessiana,Eucalyptus burgessiana L.A.S.Johnson & Blaxell,scientific,Eucalyptus burgessiana,Eucalyptus burgessiana,NA,Eucalyptus burgessiana L.A.S.Johnson & Blaxell,scientific,Eucalyptus burgessiana
Eucalyptus burgessiana,TRUE,Eucalyptus obstans,Eucalyptus obstans L.A.S.Johnson & K.D.Hill,scientific,Eucalyptus obstans,Eucalyptus obtusiflora,NA,Eucalyptus obtusiflora DC.,scientific,Eucalyptus obtusiflora
Eucalyptus burgessiana,TRUE,Eucalyptus obstans,Eucalyptus obstans L.A.S.Johnson & K.D.Hill,scientific,Eucalyptus obtusiflora,Eucalyptus obtusiflora,NA,Eucalyptus obtusiflora DC.,scientific,Eucalyptus obtusiflora
Eucalyptus caleyi,TRUE,Eucalyptus caleyi,Eucalyptus caleyi Maiden,scientific,NA,NA,NA,NA,NA,NA
Eucalyptus caleyi subsp. caleyi,TRUE,Eucalyptus caleyi subsp. caleyi,Eucalyptus caleyi Maiden subsp. caleyi,autonym,Eucalyptus caleyi subsp. caleyi,Eucalyptus caleyi subsp. caleyi,NA,Eucalyptus caleyi Maiden subsp. caleyi,autonym,Eucalyptus caleyi subsp. caleyi
Eucalyptus caleyi subsp. ovendenii,TRUE,Eucalyptus caleyi subsp. ovendenii,Eucalyptus caleyi subsp. ovendenii L.A.S.Johnson & K.D.Hill,scientific,Eucalyptus caleyi subsp. ovendenii,Eucalyptus caleyi subsp. ovendenii,NA,Eucalyptus caleyi subsp. ovendenii L.A.S.Johnson & K.D.Hill,scientific,Eucalyptus caleyi subsp. ovendenii
Eucalyptus caliginosa,TRUE,Eucalyptus caliginosa,Eucalyptus caliginosa Blakely & McKie,scientific,Eucalyptus caliginosa,Eucalyptus caliginosa,NA,Eucalyptus caliginosa Blakely & McKie,scientific,Eucalyptus caliginosa
Eucalyptus calycogona,TRUE,Eucalyptus calycogona,Eucalyptus calycogona Turcz.,scientific,Eucalyptus calycogona,Eucalyptus calycogona subsp. trachybasis,NA,Eucalyptus calycogona subsp. trachybasis D.Nicolle,scientific,Eucalyptus calycogona subsp. trachybasis
Eucalyptus camaldulensis,TRUE,Eucalyptus camaldulensis,Eucalyptus camaldulensis Dehnh.,scientific,Eucalyptus camaldulensis,Eucalyptus camaldulensis subsp. camaldulensis,NA,Eucalyptus camaldulensis Dehnh. subsp. camaldulensis,autonym,Eucalyptus camaldulensis subsp. camaldulensis
Eucalyptus camaldulensis,TRUE,Eucalyptus camaldulensis,Eucalyptus camaldulensis Dehnh.,scientific,Eucalyptus camaldulensis subsp. camaldulensis,Eucalyptus camaldulensis subsp. camaldulensis,NA,Eucalyptus camaldulensis Dehnh. subsp. camaldulensis,autonym,Eucalyptus camaldulensis subsp. camaldulensis
Eucalyptus cameronii,TRUE,Eucalyptus cameronii,Eucalyptus cameronii Blakely & McKie,scientific,Eucalyptus cameronii,Eucalyptus cameronii,NA,Eucalyptus cameronii Blakely & McKie,scientific,Eucalyptus cameronii
Eucalyptus camfieldii,TRUE,Eucalyptus camfieldii,Eucalyptus camfieldii Maiden,scientific,Eucalyptus camfieldii,Eucalyptus camfieldii,NA,Eucalyptus camfieldii Maiden,scientific,Eucalyptus camfieldii
Eucalyptus campanulata,TRUE,Eucalyptus campanulata,Eucalyptus campanulata R.T.Baker & H.G.Sm.,scientific,Eucalyptus andrewsii subsp. campanulata,Eucalyptus andrewsii subsp. campanulata,NA,Eucalyptus andrewsii subsp. campanulata (R.T.Baker & H.G.Sm.) L.A.S.Johnson & Blaxell,scientific,Eucalyptus andrewsii subsp. campanulata
Eucalyptus campanulata,TRUE,Eucalyptus campanulata,Eucalyptus campanulata R.T.Baker & H.G.Sm.,scientific,Eucalyptus campanulata,Eucalyptus andrewsii subsp. campanulata,NA,Eucalyptus andrewsii subsp. campanulata (R.T.Baker & H.G.Sm.) L.A.S.Johnson & Blaxell,scientific,Eucalyptus andrewsii subsp. campanulata
Eucalyptus camphora,TRUE,Eucalyptus camphora,Eucalyptus camphora R.T.Baker,scientific,NA,NA,NA,NA,NA,NA
Eucalyptus camphora subsp. camphora,TRUE,Eucalyptus camphora subsp. camphora,Eucalyptus camphora R.T.Baker subsp. camphora,autonym,Eucalyptus camphora subsp. camphora,Eucalyptus camphora subsp. camphora,NA,Eucalyptus camphora R.T.Baker subsp. camphora,autonym,Eucalyptus camphora subsp. camphora
Eucalyptus camphora subsp. camphora,TRUE,Eucalyptus camphora subsp. relicta,Eucalyptus camphora subsp. relicta L.A.S.Johnson & K.D.Hill,scientific,NA,NA,NA,NA,NA,NA
Eucalyptus camphora subsp. humeana,TRUE,Eucalyptus camphora subsp. humeana,Eucalyptus camphora subsp. humeana L.A.S.Johnson & K.D.Hill,scientific,Eucalyptus camphora subsp. humeana,Eucalyptus camphora subsp. humeana,NA,Eucalyptus camphora subsp. humeana L.A.S.Johnson & K.D.Hill,scientific,Eucalyptus camphora subsp. humeana
Eucalyptus canaliculata,TRUE,Eucalyptus canaliculata,Eucalyptus canaliculata Maiden,scientific,Eucalyptus canaliculata,Eucalyptus canaliculata,NA,Eucalyptus canaliculata Maiden,scientific,Eucalyptus canaliculata
Eucalyptus canobolensis,TRUE,Eucalyptus canobolensis,Eucalyptus canobolensis (L.A.S.Johnson & K.D.Hill) J.T.Hunter,scientific,Eucalyptus canobolensis,Eucalyptus canobolensis,NA,Eucalyptus canobolensis (L.A.S.Johnson & K.D.Hill) J.T.Hunter,scientific,Eucalyptus canobolensis
Eucalyptus capitellata,TRUE,Eucalyptus capitellata,Eucalyptus capitellata Sm.,scientific,Eucalyptus capitellata,Eucalyptus capitellata,NA,Eucalyptus capitellata Sm.,scientific,Eucalyptus capitellata
Eucalyptus carnea,TRUE,Eucalyptus carnea,Eucalyptus carnea R.T.Baker,scientific,Eucalyptus carnea,Eucalyptus carnea,NA,Eucalyptus carnea R.T.Baker,scientific,Eucalyptus carnea
Eucalyptus castrensis,TRUE,Eucalyptus castrensis,Eucalyptus castrensis K.D.Hill,scientific,NA,NA,NA,NA,NA,NA
Eucalyptus chapmaniana,TRUE,Eucalyptus chapmaniana,Eucalyptus chapmaniana Cameron,scientific,Eucalyptus chapmaniana,Eucalyptus chapmaniana,NA,Eucalyptus chapmaniana Cameron,scientific,Eucalyptus chapmaniana
Eucalyptus chloroclada,TRUE,Eucalyptus chloroclada,Eucalyptus chloroclada (Blakely) L.A.S.Johnson & K.D.Hill,scientific,Eucalyptus chloroclada,Eucalyptus chloroclada,NA,Eucalyptus chloroclada (Blakely) L.A.S.Johnson & K.D.Hill,scientific,Eucalyptus chloroclada
Eucalyptus cinerea,TRUE,Eucalyptus cinerea,Eucalyptus cinerea F.Muell. ex Benth.,scientific,NA,NA,NA,NA,NA,NA
Eucalyptus cinerea subsp. triplex,TRUE,Eucalyptus triplex,Eucalyptus triplex L.A.S.Johnson & K.D.Hill,scientific,Eucalyptus triplex,Eucalyptus cinerea subsp. triplex,NA,"Eucalyptus cinerea subsp. triplex (L.A.S.Johnson & K.D.Hill) Brooker, Slee & J.D.Briggs",scientific,Eucalyptus cinerea subsp. triplex
Eucalyptus cladocalyx,TRUE,Eucalyptus cladocalyx,Eucalyptus cladocalyx F.Muell.,scientific,Eucalyptus cladocalyx,Eucalyptus cladocalyx,NA,Eucalyptus cladocalyx F.Muell.,scientific,Eucalyptus cladocalyx
Eucalyptus codonocarpa,TRUE,Eucalyptus codonocarpa,Eucalyptus codonocarpa Blakely & McKie,scientific,Eucalyptus codonocarpa,Eucalyptus approximans subsp. codonocarpa,NA,Eucalyptus approximans subsp. codonocarpa (Blakely & McKie) L.A.S.Johnson & Blaxell,scientific,Eucalyptus approximans subsp. codonocarpa
Eucalyptus conica,TRUE,Eucalyptus conica,Eucalyptus conica H.Deane & Maiden,scientific,Eucalyptus conica,Eucalyptus conica,NA,Eucalyptus conica H.Deane & Maiden,scientific,Eucalyptus conica
Eucalyptus consideniana,TRUE,Eucalyptus consideniana,Eucalyptus consideniana Maiden,scientific,Eucalyptus consideniana,Eucalyptus consideniana,NA,Eucalyptus consideniana Maiden,scientific,Eucalyptus consideniana
Eucalyptus conspicua,TRUE,Eucalyptus conspicua,Eucalyptus conspicua L.A.S.Johnson & K.D.Hill,scientific,Eucalyptus conspicua,Eucalyptus conspicua subsp. conspicua,NA,not found,,
Eucalyptus coolabah,TRUE,Eucalyptus coolabah,Eucalyptus coolabah Blakely & Jacobs,scientific,Eucalyptus coolabah,Eucalyptus coolabah,NA,Eucalyptus coolabah Blakely & Jacobs,scientific,Eucalyptus coolabah
Eucalyptus coolabah,TRUE,Eucalyptus coolabah,Eucalyptus coolabah Blakely & Jacobs,scientific,Eucalyptus microtheca,Eucalyptus coolabah,NA,Eucalyptus coolabah Blakely & Jacobs,scientific,Eucalyptus coolabah
Eucalyptus coolabah,TRUE,Eucalyptus coolabah subsp. arida,Eucalyptus coolabah subsp. arida (Blakely) L.A.S.Johnson & K.D.Hill,scientific,NA,NA,NA,NA,NA,NA
Eucalyptus coolabah,TRUE,Eucalyptus coolabah subsp. coolabah,Eucalyptus coolabah Blakely & Jacobs subsp. coolabah,autonym,NA,NA,NA,NA,NA,NA
Eucalyptus corticosa,TRUE,Eucalyptus corticosa,Eucalyptus corticosa L.A.S.Johnson,scientific,Eucalyptus aromaphloia,Eucalyptus corticosa,NA,Eucalyptus corticosa L.A.S.Johnson,scientific,Eucalyptus corticosa
Eucalyptus corticosa,TRUE,Eucalyptus corticosa,Eucalyptus corticosa L.A.S.Johnson,scientific,Eucalyptus corticosa,Eucalyptus corticosa,NA,Eucalyptus corticosa L.A.S.Johnson,scientific,Eucalyptus corticosa
Eucalyptus crebra,TRUE,Eucalyptus crebra,Eucalyptus crebra F.Muell.,scientific,Eucalyptus crebra,Eucalyptus crebra,NA,Eucalyptus crebra F.Muell.,scientific,Eucalyptus crebra
Eucalyptus crenulata,TRUE,Eucalyptus crenulata,Eucalyptus crenulata Blakely & Beuzev.,scientific,Eucalyptus crenulata,Eucalyptus crenulata,NA,Eucalyptus crenulata Blakely & Beuzev.,scientific,Eucalyptus crenulata
Eucalyptus croajingolensis,TRUE,Eucalyptus croajingolensis,Eucalyptus croajingolensis L.A.S.Johnson & K.D.Hill,scientific,Eucalyptus croajingolensis,Eucalyptus croajingolensis,NA,Eucalyptus croajingolensis L.A.S.Johnson & K.D.Hill,scientific,Eucalyptus croajingolensis
Eucalyptus cunninghamii,TRUE,Eucalyptus cunninghamii,Eucalyptus cunninghamii Sweet,scientific,Eucalyptus cunninghamii,Eucalyptus cunninghamii,NA,Eucalyptus cunninghamii Sweet,scientific,Eucalyptus cunninghamii
Eucalyptus cunninghamii,TRUE,Eucalyptus cunninghamii,Eucalyptus cunninghamii Sweet,scientific,Eucalyptus rupicola,Eucalyptus cunninghamii,NA,Eucalyptus cunninghamii Sweet,scientific,Eucalyptus cunninghamii
Eucalyptus cyanophylla,TRUE,Eucalyptus cyanophylla,Eucalyptus cyanophylla Brooker,scientific,Eucalyptus cyanophylla,Eucalyptus cyanophylla,NA,Eucalyptus cyanophylla Brooker,scientific,Eucalyptus cyanophylla
Eucalyptus cypellocarpa,TRUE,Eucalyptus cypellocarpa,Eucalyptus cypellocarpa L.A.S.Johnson,scientific,Eucalyptus cypellocarpa,Eucalyptus cypellocarpa,NA,Eucalyptus cypellocarpa L.A.S.Johnson,scientific,Eucalyptus cypellocarpa
Eucalyptus cypellocarpa,TRUE,Eucalyptus oresbia,Eucalyptus oresbia J.T.Hunter & J.J.Bruhl,scientific,NA,NA,NA,NA,NA,NA
Eucalyptus dalrympleana,TRUE,Eucalyptus dalrympleana,Eucalyptus dalrympleana Maiden,scientific,NA,NA,NA,NA,NA,NA
Eucalyptus dalrympleana subsp. dalrympleana,TRUE,Eucalyptus dalrympleana subsp. dalrympleana,Eucalyptus dalrympleana Maiden subsp. dalrympleana,autonym,Eucalyptus dalrympleana subsp. dalrympleana,Eucalyptus dalrympleana subsp. dalrympleana,NA,Eucalyptus dalrympleana Maiden subsp. dalrympleana,autonym,Eucalyptus dalrympleana subsp. dalrympleana
Eucalyptus dalrympleana subsp. heptantha,TRUE,Eucalyptus dalrympleana subsp. heptantha,Eucalyptus dalrympleana subsp. heptantha L.A.S.Johnson,scientific,Eucalyptus dalrympleana subsp. heptantha,Eucalyptus dalrympleana subsp. heptantha,NA,Eucalyptus dalrympleana subsp. heptantha L.A.S.Johnson,scientific,Eucalyptus dalrympleana subsp. heptantha
Eucalyptus dawsonii,TRUE,Eucalyptus dawsonii,Eucalyptus dawsonii R.T.Baker,scientific,Eucalyptus dawsonii,Eucalyptus dawsonii,NA,Eucalyptus dawsonii R.T.Baker,scientific,Eucalyptus dawsonii
Eucalyptus dealbata,TRUE,Eucalyptus dealbata,Eucalyptus dealbata A.Cunn. ex Schauer,scientific,Eucalyptus dealbata,Eucalyptus dealbata,NA,Eucalyptus dealbata A.Cunn. ex Schauer,scientific,Eucalyptus dealbata
Eucalyptus deanei,TRUE,Eucalyptus brunnea,Eucalyptus brunnea L.A.S.Johnson & K.D.Hill,scientific,NA,NA,NA,NA,NA,NA
Eucalyptus deanei,TRUE,Eucalyptus deanei,Eucalyptus deanei Maiden,scientific,Eucalyptus deanei,Eucalyptus deanei,NA,Eucalyptus deanei Maiden,scientific,Eucalyptus deanei
Eucalyptus delegatensis subsp. delegatensis,TRUE,Eucalyptus delegatensis subsp. delegatensis,Eucalyptus delegatensis R.T.Baker subsp. delegatensis,autonym,Eucalyptus delegatensis,Eucalyptus delegatensis subsp. delegatensis,NA,Eucalyptus delegatensis R.T.Baker subsp. delegatensis,autonym,Eucalyptus delegatensis subsp. delegatensis
Eucalyptus delegatensis subsp. delegatensis,TRUE,Eucalyptus delegatensis subsp. delegatensis,Eucalyptus delegatensis R.T.Baker subsp. delegatensis,autonym,Eucalyptus delegatensis subsp. delegatensis,Eucalyptus delegatensis subsp. delegatensis,NA,Eucalyptus delegatensis R.T.Baker subsp. delegatensis,autonym,Eucalyptus delegatensis subsp. delegatensis
Eucalyptus dendromorpha,TRUE,Eucalyptus dendromorpha,Eucalyptus dendromorpha (Blakely) L.A.S.Johnson & Blaxell,scientific,Eucalyptus dendromorpha,Eucalyptus dendromorpha,NA,Eucalyptus dendromorpha (Blakely) L.A.S.Johnson & Blaxell,scientific,Eucalyptus dendromorpha
Eucalyptus dives,TRUE,Eucalyptus dives,Eucalyptus dives Schauer,scientific,Eucalyptus dives,Eucalyptus dives,NA,Eucalyptus dives Schauer,scientific,Eucalyptus dives
Eucalyptus dorrigoensis,TRUE,Eucalyptus dorrigoensis,Eucalyptus dorrigoensis (Blakely) L.A.S.Johnson & K.D.Hill,scientific,Eucalyptus dorrigoensis,Eucalyptus dorrigoensis,NA,Eucalyptus dorrigoensis (Blakely) L.A.S.Johnson & K.D.Hill,scientific,Eucalyptus dorrigoensis
Eucalyptus dumosa,TRUE,Eucalyptus dumosa,Eucalyptus dumosa A.Cunn. ex J.Oxley,scientific,Eucalyptus dumosa,Eucalyptus dumosa,NA,Eucalyptus dumosa A.Cunn. ex J.Oxley,scientific,Eucalyptus dumosa
Eucalyptus dunnii,TRUE,Eucalyptus dunnii,Eucalyptus dunnii Maiden,scientific,Eucalyptus dunnii,Eucalyptus dunnii,NA,Eucalyptus dunnii Maiden,scientific,Eucalyptus dunnii
Eucalyptus dwyeri,TRUE,Eucalyptus dwyeri,Eucalyptus dwyeri Maiden & Blakely,scientific,Eucalyptus dwyeri,Eucalyptus dwyeri,NA,Eucalyptus dwyeri Maiden & Blakely,scientific,Eucalyptus dwyeri
Eucalyptus elata,TRUE,Eucalyptus elata,Eucalyptus elata Dehnh.,scientific,Eucalyptus elata,Eucalyptus elata,NA,Eucalyptus elata Dehnh.,scientific,Eucalyptus elata
Eucalyptus elegans,TRUE,Eucalyptus elegans,Eucalyptus elegans A.R.Bean,scientific,NA,NA,NA,NA,NA,NA
Eucalyptus elliptica,TRUE,Eucalyptus elliptica,Eucalyptus elliptica (Blakely & McKie) L.A.S.Johnson & K.D.Hill,scientific,Eucalyptus elliptica,Eucalyptus elliptica,NA,Eucalyptus elliptica (Blakely & McKie) L.A.S.Johnson & K.D.Hill,scientific,Eucalyptus elliptica
Eucalyptus eugenioides,TRUE,Eucalyptus eugenioides,Eucalyptus eugenioides Sieber ex Spreng.,scientific,Eucalyptus eugenioides,Eucalyptus eugenioides,NA,Eucalyptus eugenioides Sieber ex Spreng.,scientific,Eucalyptus eugenioides
Eucalyptus eugenioides,TRUE,Eucalyptus eugenioides,Eucalyptus eugenioides Sieber ex Spreng.,scientific,Eucalyptus nigra,Eucalyptus eugenioides,NA,Eucalyptus eugenioides Sieber ex Spreng.,scientific,Eucalyptus eugenioides
Eucalyptus expressa,TRUE,Eucalyptus expressa,Eucalyptus expressa S.A.J.Bell & D.Nicolle,scientific,Eucalyptus expressa,Eucalyptus expressa,NA,Eucalyptus expressa S.A.J.Bell & D.Nicolle,scientific,Eucalyptus expressa
Eucalyptus exserta,TRUE,Eucalyptus exserta,Eucalyptus exserta F.Muell.,scientific,Eucalyptus exserta,Eucalyptus exserta,NA,Eucalyptus exserta F.Muell.,scientific,Eucalyptus exserta
Eucalyptus fastigata,TRUE,Eucalyptus fastigata,Eucalyptus fastigata H.Deane & Maiden,scientific,Eucalyptus fastigata,Eucalyptus fastigata,NA,Eucalyptus fastigata H.Deane & Maiden,scientific,Eucalyptus fastigata
Eucalyptus fibrosa,TRUE,Eucalyptus fibrosa,Eucalyptus fibrosa F.Muell.,scientific,Eucalyptus fibrosa,Eucalyptus fibrosa subsp. fibrosa,NA,Eucalyptus fibrosa F.Muell. subsp. fibrosa,autonym,Eucalyptus fibrosa subsp. fibrosa
Eucalyptus fibrosa,TRUE,Eucalyptus fibrosa,Eucalyptus fibrosa F.Muell.,scientific,Eucalyptus fibrosa subsp. fibrosa,Eucalyptus fibrosa subsp. fibrosa,NA,Eucalyptus fibrosa F.Muell. subsp. fibrosa,autonym,Eucalyptus fibrosa subsp. fibrosa
Eucalyptus fracta,TRUE,Eucalyptus fracta,Eucalyptus fracta K.D.Hill,scientific,NA,NA,NA,NA,NA,NA
Eucalyptus fraxinoides,TRUE,Eucalyptus fraxinoides,Eucalyptus fraxinoides H.Deane & Maiden,scientific,Eucalyptus fraxinoides,Eucalyptus fraxinoides,NA,Eucalyptus fraxinoides H.Deane & Maiden,scientific,Eucalyptus fraxinoides
Eucalyptus fusiformis,TRUE,Eucalyptus fusiformis,Eucalyptus fusiformis Boland & Kleinig,scientific,Eucalyptus fusiformis,Eucalyptus fusiformis,NA,Eucalyptus fusiformis Boland & Kleinig,scientific,Eucalyptus fusiformis
Eucalyptus gillii,TRUE,Eucalyptus gillii,Eucalyptus gillii Maiden,scientific,Eucalyptus gillii,Eucalyptus gillii,NA,Eucalyptus gillii Maiden,scientific,Eucalyptus gillii
Eucalyptus glaucescens,TRUE,Eucalyptus glaucescens,Eucalyptus glaucescens Maiden & Blakely,scientific,Eucalyptus glaucescens,Eucalyptus glaucescens,NA,Eucalyptus glaucescens Maiden & Blakely,scientific,Eucalyptus glaucescens
Eucalyptus glaucina,TRUE,Eucalyptus glaucina,Eucalyptus glaucina (Blakely) L.A.S.Johnson,scientific,Eucalyptus glaucina,Eucalyptus glaucina,NA,Eucalyptus glaucina (Blakely) L.A.S.Johnson,scientific,Eucalyptus glaucina
Eucalyptus globoidea,TRUE,Eucalyptus globoidea,Eucalyptus globoidea Blakely,scientific,Eucalyptus globoidea,Eucalyptus globoidea,NA,Eucalyptus globoidea Blakely,scientific,Eucalyptus globoidea
Eucalyptus globoidea,TRUE,Eucalyptus oblonga,Eucalyptus oblonga DC.,scientific,NA,NA,NA,NA,NA,NA
Eucalyptus globulus,TRUE,Eucalyptus globulus,Eucalyptus globulus Labill.,scientific,NA,NA,NA,NA,NA,NA
Eucalyptus globulus subsp. bicostata,TRUE,Eucalyptus bicostata,"Eucalyptus bicostata Maiden, Blakely & Simmonds",scientific,Eucalyptus bicostata,Eucalyptus globulus subsp. bicostata,NA,"Eucalyptus globulus subsp. bicostata (Maiden, Blakely & Simmonds) J.B.Kirkp.",scientific,Eucalyptus globulus subsp. bicostata
Eucalyptus globulus subsp. bicostata,TRUE,Eucalyptus bicostata,"Eucalyptus bicostata Maiden, Blakely & Simmonds",scientific,Eucalyptus globulus subsp. bicostata,Eucalyptus globulus subsp. bicostata,NA,"Eucalyptus globulus subsp. bicostata (Maiden, Blakely & Simmonds) J.B.Kirkp.",scientific,Eucalyptus globulus subsp. bicostata
Eucalyptus globulus subsp. maidenii,TRUE,Eucalyptus maidenii,Eucalyptus maidenii F.Muell.,scientific,Eucalyptus globulus subsp. maidenii,Eucalyptus globulus subsp. maidenii,NA,Eucalyptus globulus subsp. maidenii (F.Muell.) J.B.Kirkp.,scientific,Eucalyptus globulus subsp. maidenii
Eucalyptus globulus subsp. maidenii,TRUE,Eucalyptus maidenii,Eucalyptus maidenii F.Muell.,scientific,Eucalyptus maidenii,Eucalyptus globulus subsp. maidenii,NA,Eucalyptus globulus subsp. maidenii (F.Muell.) J.B.Kirkp.,scientific,Eucalyptus globulus subsp. maidenii
Eucalyptus globulus subsp. pseudoglobulus,TRUE,Eucalyptus pseudoglobulus,Eucalyptus pseudoglobulus (Naudin) Maiden,scientific,Eucalyptus pseudoglobulus,Eucalyptus globulus subsp. pseudoglobulus,NA,Eucalyptus globulus subsp. pseudoglobulus (Naudin) J.B.Kirkp.,scientific,Eucalyptus globulus subsp. pseudoglobulus
Eucalyptus goniocalyx,TRUE,Eucalyptus goniocalyx,Eucalyptus goniocalyx F.Muell. ex Miq.,scientific,NA,NA,NA,NA,NA,NA
Eucalyptus goniocalyx subsp. goniocalyx,TRUE,Eucalyptus goniocalyx subsp. goniocalyx,Eucalyptus goniocalyx F.Muell. ex Miq. subsp. goniocalyx,autonym,Eucalyptus goniocalyx subsp. goniocalyx,Eucalyptus goniocalyx subsp. goniocalyx,NA,Eucalyptus goniocalyx F.Muell. ex Miq. subsp. goniocalyx,autonym,Eucalyptus goniocalyx subsp. goniocalyx
Eucalyptus gracilis,TRUE,Eucalyptus gracilis,Eucalyptus gracilis F.Muell.,scientific,Eucalyptus gracilis,Eucalyptus gracilis,NA,Eucalyptus gracilis F.Muell.,scientific,Eucalyptus gracilis
Eucalyptus grandis,TRUE,Eucalyptus grandis,Eucalyptus grandis W.Hill,scientific,Eucalyptus grandis,Eucalyptus grandis,NA,Eucalyptus grandis W.Hill,scientific,Eucalyptus grandis
Eucalyptus gregsoniana,TRUE,Eucalyptus gregsoniana,Eucalyptus gregsoniana L.A.S.Johnson & Blaxell,scientific,Eucalyptus gregsoniana,Eucalyptus gregsoniana,NA,Eucalyptus gregsoniana L.A.S.Johnson & Blaxell,scientific,Eucalyptus gregsoniana
Eucalyptus gunnii,TRUE,Eucalyptus gunnii,Eucalyptus gunnii Hook.f.,scientific,Eucalyptus gunnii,Eucalyptus gunnii,NA,Eucalyptus gunnii Hook.f.,scientific,Eucalyptus gunnii
Eucalyptus haemastoma,TRUE,Eucalyptus haemastoma,Eucalyptus haemastoma Sm.,scientific,Eucalyptus haemastoma,Eucalyptus haemastoma,NA,Eucalyptus haemastoma Sm.,scientific,Eucalyptus haemastoma
Eucalyptus hypostomatica,TRUE,Eucalyptus hypostomatica,Eucalyptus hypostomatica L.A.S.Johnson & K.D.Hill,scientific,Eucalyptus hypostomatica,Eucalyptus hypostomatica,NA,Eucalyptus hypostomatica L.A.S.Johnson & K.D.Hill,scientific,Eucalyptus hypostomatica
Eucalyptus ignorabilis,TRUE,Eucalyptus ignorabilis,Eucalyptus ignorabilis L.A.S.Johnson & K.D.Hill,scientific,Eucalyptus ignorabilis,Eucalyptus ignorabilis,NA,Eucalyptus ignorabilis L.A.S.Johnson & K.D.Hill,scientific,Eucalyptus ignorabilis
Eucalyptus imitans,TRUE,Eucalyptus imitans,Eucalyptus imitans L.A.S.Johnson & K.D.Hill,scientific,Eucalyptus imitans,Eucalyptus imitans,NA,Eucalyptus imitans L.A.S.Johnson & K.D.Hill,scientific,Eucalyptus imitans
Eucalyptus incrassata,TRUE,Eucalyptus costata subsp. murrayana,Eucalyptus costata subsp. murrayana L.A.S.Johnson & K.D.Hill,scientific,Eucalyptus costata,Eucalyptus incrassata,NA,Eucalyptus incrassata Labill.,scientific,Eucalyptus incrassata
Eucalyptus incrassata,TRUE,Eucalyptus costata subsp. murrayana,Eucalyptus costata subsp. murrayana L.A.S.Johnson & K.D.Hill,scientific,Eucalyptus costata subsp. murrayana,Eucalyptus incrassata,NA,Eucalyptus incrassata Labill.,scientific,Eucalyptus incrassata
Eucalyptus incrassata,TRUE,Eucalyptus costata subsp. murrayana,Eucalyptus costata subsp. murrayana L.A.S.Johnson & K.D.Hill,scientific,Eucalyptus incrassata,Eucalyptus incrassata,NA,Eucalyptus incrassata Labill.,scientific,Eucalyptus incrassata
Eucalyptus interstans,TRUE,Eucalyptus interstans,Eucalyptus interstans L.A.S.Johnson & K.D.Hill,scientific,Eucalyptus interstans,Eucalyptus interstans,NA,Eucalyptus interstans L.A.S.Johnson & K.D.Hill,scientific,Eucalyptus interstans
Eucalyptus intertexta,TRUE,Eucalyptus intertexta,Eucalyptus intertexta R.T.Baker,scientific,Eucalyptus intertexta,Eucalyptus intertexta,NA,Eucalyptus intertexta R.T.Baker,scientific,Eucalyptus intertexta
Eucalyptus kartzoffiana,TRUE,Eucalyptus kartzoffiana,Eucalyptus kartzoffiana L.A.S.Johnson & Blaxell,scientific,Eucalyptus kartzoffiana,Eucalyptus kartzoffiana,NA,Eucalyptus kartzoffiana L.A.S.Johnson & Blaxell,scientific,Eucalyptus kartzoffiana
Eucalyptus kybeanensis,TRUE,Eucalyptus kybeanensis,Eucalyptus kybeanensis Maiden & Cambage,scientific,Eucalyptus kybeanensis,Eucalyptus kybeanensis,NA,Eucalyptus kybeanensis Maiden & Cambage,scientific,Eucalyptus kybeanensis
Eucalyptus lacrimans,TRUE,Eucalyptus lacrimans,Eucalyptus lacrimans L.A.S.Johnson & K.D.Hill,scientific,Eucalyptus lacrimans,Eucalyptus lacrimans,NA,Eucalyptus lacrimans L.A.S.Johnson & K.D.Hill,scientific,Eucalyptus lacrimans
Eucalyptus laevopinea,TRUE,Eucalyptus laevopinea,Eucalyptus laevopinea R.T.Baker,scientific,Eucalyptus laevopinea,Eucalyptus laevopinea,NA,Eucalyptus laevopinea R.T.Baker,scientific,Eucalyptus laevopinea
Eucalyptus langleyi,TRUE,Eucalyptus langleyi,Eucalyptus langleyi L.A.S.Johnson & Blaxell,scientific,Eucalyptus langleyi,Eucalyptus langleyi,NA,Eucalyptus langleyi L.A.S.Johnson & Blaxell,scientific,Eucalyptus langleyi
Eucalyptus largeana,TRUE,Eucalyptus largeana,Eucalyptus largeana Blakely,scientific,Eucalyptus largeana,Eucalyptus largeana,NA,Eucalyptus largeana Blakely,scientific,Eucalyptus largeana
Eucalyptus largiflorens,TRUE,Eucalyptus largiflorens,Eucalyptus largiflorens F.Muell.,scientific,Eucalyptus largiflorens,Eucalyptus largiflorens,NA,Eucalyptus largiflorens F.Muell.,scientific,Eucalyptus largiflorens
Eucalyptus leptophylla,TRUE,Eucalyptus leptophylla,Eucalyptus leptophylla F.Muell. ex Miq.,scientific,Eucalyptus foecunda,Eucalyptus leptophylla,NA,Eucalyptus leptophylla F.Muell. ex Miq.,scientific,Eucalyptus leptophylla
Eucalyptus leptophylla,TRUE,Eucalyptus leptophylla,Eucalyptus leptophylla F.Muell. ex Miq.,scientific,Eucalyptus leptophylla,Eucalyptus leptophylla,NA,Eucalyptus leptophylla F.Muell. ex Miq.,scientific,Eucalyptus leptophylla
Eucalyptus leucoxylon subsp. pruinosa,TRUE,Eucalyptus leucoxylon subsp. pruinosa,Eucalyptus leucoxylon subsp. pruinosa (F.Muell. ex Miq.) Boland,scientific,Eucalyptus leucoxylon,Eucalyptus leucoxylon subsp. pruinosa,NA,Eucalyptus leucoxylon subsp. pruinosa (F.Muell. ex Miq.) Boland,scientific,Eucalyptus leucoxylon subsp. pruinosa
Eucalyptus leucoxylon subsp. pruinosa,TRUE,Eucalyptus leucoxylon subsp. pruinosa,Eucalyptus leucoxylon subsp. pruinosa (F.Muell. ex Miq.) Boland,scientific,Eucalyptus leucoxylon subsp. pruinosa,Eucalyptus leucoxylon subsp. pruinosa,NA,Eucalyptus leucoxylon subsp. pruinosa (F.Muell. ex Miq.) Boland,scientific,Eucalyptus leucoxylon subsp. pruinosa
Eucalyptus ligustrina,TRUE,Eucalyptus ligustrina,Eucalyptus ligustrina DC.,scientific,Eucalyptus ligustrina,Eucalyptus ligustrina,NA,Eucalyptus ligustrina DC.,scientific,Eucalyptus ligustrina
Eucalyptus longifolia,TRUE,Eucalyptus longifolia,Eucalyptus longifolia Link,scientific,Eucalyptus longifolia,Eucalyptus longifolia,NA,Eucalyptus longifolia Link,scientific,Eucalyptus longifolia
Eucalyptus luehmanniana,TRUE,Eucalyptus luehmanniana,Eucalyptus luehmanniana F.Muell.,scientific,Eucalyptus luehmanniana,Eucalyptus luehmanniana,NA,Eucalyptus luehmanniana F.Muell.,scientific,Eucalyptus luehmanniana
Eucalyptus macarthurii,TRUE,Eucalyptus macarthurii,Eucalyptus macarthurii H.Deane & Maiden,scientific,Eucalyptus macarthurii,Eucalyptus macarthurii,NA,Eucalyptus macarthurii H.Deane & Maiden,scientific,Eucalyptus macarthurii
Eucalyptus mackintii,TRUE,Eucalyptus mackintii,Eucalyptus mackintii Kottek,scientific,Eucalyptus mackintii,Eucalyptus mackintii,NA,Eucalyptus mackintii Kottek,scientific,Eucalyptus mackintii
Eucalyptus mackintii,FALSE,Eucalyptus sp. aff. macrorhyncha,not found,,NA,NA,NA,NA,NA,NA
Eucalyptus macrorhyncha,TRUE,Eucalyptus macrorhyncha,Eucalyptus macrorhyncha F.Muell. ex Benth.,scientific,Eucalyptus macrorhyncha,Eucalyptus macrorhyncha subsp. macrorhyncha,NA,Eucalyptus macrorhyncha F.Muell. ex Benth. subsp. macrorhyncha,autonym,Eucalyptus macrorhyncha subsp. macrorhyncha
Eucalyptus macrorhyncha,TRUE,Eucalyptus macrorhyncha,Eucalyptus macrorhyncha F.Muell. ex Benth.,scientific,Eucalyptus macrorhyncha subsp. macrorhyncha,Eucalyptus macrorhyncha subsp. macrorhyncha,NA,Eucalyptus macrorhyncha F.Muell. ex Benth. subsp. macrorhyncha,autonym,Eucalyptus macrorhyncha subsp. macrorhyncha
Eucalyptus macrorhyncha subsp. cannonii,TRUE,Eucalyptus cannonii,Eucalyptus cannonii R.T.Baker,scientific,Eucalyptus cannonii,Eucalyptus macrorhyncha subsp. cannonii,NA,Eucalyptus macrorhyncha subsp. cannonii (R.T.Baker) L.A.S.Johnson & Blaxell,scientific,Eucalyptus macrorhyncha subsp. cannonii
Eucalyptus macrorhyncha subsp. cannonii,TRUE,Eucalyptus cannonii,Eucalyptus cannonii R.T.Baker,scientific,Eucalyptus macrorhyncha subsp. cannonii,Eucalyptus macrorhyncha subsp. cannonii,NA,Eucalyptus macrorhyncha subsp. cannonii (R.T.Baker) L.A.S.Johnson & Blaxell,scientific,Eucalyptus macrorhyncha subsp. cannonii
Eucalyptus macrorhyncha subsp. cannonii,FALSE,Eucalyptus cannonii <--> macrorhyncha,not found,,Eucalyptus cannonii <--> macrorhyncha,No match,NA,NA,NA,NA
Eucalyptus magnificata,TRUE,Eucalyptus magnificata,Eucalyptus magnificata L.A.S.Johnson & K.D.Hill,scientific,Eucalyptus magnificata,Eucalyptus magnificata,NA,Eucalyptus magnificata L.A.S.Johnson & K.D.Hill,scientific,Eucalyptus magnificata
Eucalyptus major,TRUE,Eucalyptus major,Eucalyptus major (Maiden) Blakely,scientific,Eucalyptus major,Eucalyptus major,NA,Eucalyptus major (Maiden) Blakely,scientific,Eucalyptus major
Eucalyptus malacoxylon,TRUE,Eucalyptus malacoxylon,Eucalyptus malacoxylon Blakely,scientific,Eucalyptus malacoxylon,Eucalyptus malacoxylon,NA,Eucalyptus malacoxylon Blakely,scientific,Eucalyptus malacoxylon
Eucalyptus mannifera,TRUE,Eucalyptus mannifera,Eucalyptus mannifera Mudie,scientific,NA,NA,NA,NA,NA,NA
Eucalyptus mannifera subsp. gullickii,TRUE,Eucalyptus mannifera subsp. gullickii,Eucalyptus mannifera subsp. gullickii (R.T.Baker & H.G.Sm.) L.A.S.Johnson,scientific,Eucalyptus mannifera subsp. gullickii,Eucalyptus mannifera subsp. gullickii,NA,Eucalyptus mannifera subsp. gullickii (R.T.Baker & H.G.Sm.) L.A.S.Johnson,scientific,Eucalyptus mannifera subsp. gullickii
Eucalyptus mannifera subsp. mannifera,TRUE,Eucalyptus mannifera subsp. mannifera,Eucalyptus mannifera Mudie subsp. mannifera,autonym,Eucalyptus mannifera subsp. maculosa,Eucalyptus mannifera subsp. mannifera,NA,Eucalyptus mannifera Mudie subsp. mannifera,autonym,Eucalyptus mannifera subsp. mannifera
Eucalyptus mannifera subsp. mannifera,TRUE,Eucalyptus mannifera subsp. mannifera,Eucalyptus mannifera Mudie subsp. mannifera,autonym,Eucalyptus mannifera subsp. mannifera,Eucalyptus mannifera subsp. mannifera,NA,Eucalyptus mannifera Mudie subsp. mannifera,autonym,Eucalyptus mannifera subsp. mannifera
Eucalyptus mannifera subsp. praecox,TRUE,Eucalyptus praecox,Eucalyptus praecox Maiden,scientific,Eucalyptus mannifera subsp. praecox,Eucalyptus mannifera subsp. praecox,NA,Eucalyptus mannifera subsp. praecox (Maiden) L.A.S.Johnson,scientific,Eucalyptus mannifera subsp. praecox
Eucalyptus mannifera subsp. praecox,TRUE,Eucalyptus praecox,Eucalyptus praecox Maiden,scientific,Eucalyptus praecox,Eucalyptus mannifera subsp. praecox,NA,Eucalyptus mannifera subsp. praecox (Maiden) L.A.S.Johnson,scientific,Eucalyptus mannifera subsp. praecox
Eucalyptus mckieana,TRUE,Eucalyptus mckieana,Eucalyptus mckieana Blakely,scientific,Eucalyptus mckieana,Eucalyptus mckieana,NA,Eucalyptus mckieana Blakely,scientific,Eucalyptus mckieana
Eucalyptus melanophloia,TRUE,Eucalyptus melanophloia,Eucalyptus melanophloia F.Muell.,scientific,Eucalyptus melanophloia,Eucalyptus melanophloia subsp. melanophloia,NA,Eucalyptus melanophloia F.Muell. subsp. melanophloia,autonym,Eucalyptus melanophloia subsp. melanophloia
Eucalyptus melliodora,TRUE,Eucalyptus melliodora,Eucalyptus melliodora A.Cunn. ex Schauer,scientific,Eucalyptus melliodora,Eucalyptus melliodora,NA,Eucalyptus melliodora A.Cunn. ex Schauer,scientific,Eucalyptus melliodora
Eucalyptus michaeliana,TRUE,Eucalyptus michaeliana,Eucalyptus michaeliana Blakely,scientific,Eucalyptus michaeliana,Eucalyptus michaeliana,NA,Eucalyptus michaeliana Blakely,scientific,Eucalyptus michaeliana
Eucalyptus microcarpa,TRUE,Eucalyptus microcarpa,Eucalyptus microcarpa (Maiden) Maiden,scientific,Eucalyptus microcarpa,Eucalyptus microcarpa,NA,Eucalyptus microcarpa (Maiden) Maiden,scientific,Eucalyptus microcarpa
Eucalyptus microcorys,TRUE,Eucalyptus microcorys,Eucalyptus microcorys F.Muell.,scientific,Eucalyptus microcorys,Eucalyptus microcorys,NA,Eucalyptus microcorys F.Muell.,scientific,Eucalyptus microcorys
Eucalyptus moluccana,TRUE,Eucalyptus moluccana,Eucalyptus moluccana Roxb.,scientific,Eucalyptus moluccana,Eucalyptus moluccana,NA,Eucalyptus moluccana Roxb.,scientific,Eucalyptus moluccana
Eucalyptus moorei,TRUE,Eucalyptus moorei,Eucalyptus moorei Maiden & Cambage,scientific,NA,NA,NA,NA,NA,NA
Eucalyptus moorei subsp. moorei,TRUE,Eucalyptus dissita,Eucalyptus dissita K.D.Hill,scientific,Eucalyptus dissita,Eucalyptus moorei subsp. moorei,NA,Eucalyptus moorei Maiden & Cambage subsp. moorei,autonym,Eucalyptus moorei subsp. moorei
Eucalyptus moorei subsp. moorei,TRUE,Eucalyptus latiuscula,Eucalyptus latiuscula (Blakely) L.A.S.Johnson & K.D.Hill,scientific,Eucalyptus latiuscula,Eucalyptus moorei subsp. moorei,NA,Eucalyptus moorei Maiden & Cambage subsp. moorei,autonym,Eucalyptus moorei subsp. moorei
Eucalyptus moorei subsp. serpentinicola,TRUE,Eucalyptus serpentinicola,Eucalyptus serpentinicola L.A.S.Johnson & Blaxell,scientific,Eucalyptus serpentinicola,Eucalyptus moorei subsp. serpentinicola,NA,Eucalyptus moorei subsp. serpentinicola (L.A.S.Johnson & Blaxell) Brooker & Kleinig,scientific,Eucalyptus moorei subsp. serpentinicola
Eucalyptus morrisii,TRUE,Eucalyptus morrisii,Eucalyptus morrisii R.T.Baker,scientific,Eucalyptus morrisii,Eucalyptus morrisii,NA,Eucalyptus morrisii R.T.Baker,scientific,Eucalyptus morrisii
Eucalyptus muelleriana,TRUE,Eucalyptus muelleriana,Eucalyptus muelleriana A.W.Howitt,scientific,Eucalyptus muelleriana,Eucalyptus muelleriana,NA,Eucalyptus muelleriana A.W.Howitt,scientific,Eucalyptus muelleriana
Eucalyptus multicaulis,TRUE,Eucalyptus multicaulis,Eucalyptus multicaulis Blakely,scientific,Eucalyptus multicaulis,Eucalyptus multicaulis,NA,Eucalyptus multicaulis Blakely,scientific,Eucalyptus multicaulis
Eucalyptus nandewarica,TRUE,Eucalyptus nandewarica,Eucalyptus nandewarica L.A.S.Johnson & K.D.Hill,scientific,Eucalyptus nandewarica,Eucalyptus nandewarica,NA,Eucalyptus nandewarica L.A.S.Johnson & K.D.Hill,scientific,Eucalyptus nandewarica
Eucalyptus nicholii,TRUE,Eucalyptus nicholii,Eucalyptus nicholii Maiden & Blakely,scientific,Eucalyptus nicholii,Eucalyptus nicholii,NA,Eucalyptus nicholii Maiden & Blakely,scientific,Eucalyptus nicholii
Eucalyptus nitens,TRUE,Eucalyptus nitens,Eucalyptus nitens (H.Deane & Maiden) Maiden,scientific,Eucalyptus nitens,Eucalyptus nitens,NA,Eucalyptus nitens (H.Deane & Maiden) Maiden,scientific,Eucalyptus nitens
Eucalyptus nobilis,TRUE,Eucalyptus nobilis,Eucalyptus nobilis L.A.S.Johnson & K.D.Hill,scientific,Eucalyptus nobilis,Eucalyptus nobilis,NA,Eucalyptus nobilis L.A.S.Johnson & K.D.Hill,scientific,Eucalyptus nobilis
Eucalyptus nortonii,TRUE,Eucalyptus nortonii,Eucalyptus nortonii (Blakely) L.A.S.Johnson,scientific,Eucalyptus nortonii,Eucalyptus nortonii,NA,Eucalyptus nortonii (Blakely) L.A.S.Johnson,scientific,Eucalyptus nortonii
Eucalyptus notabilis,TRUE,Eucalyptus notabilis,Eucalyptus notabilis Maiden,scientific,Eucalyptus notabilis,Eucalyptus notabilis,NA,Eucalyptus notabilis Maiden,scientific,Eucalyptus notabilis
Eucalyptus nova-anglica,TRUE,Eucalyptus nova-anglica,Eucalyptus nova-anglica H.Deane & Maiden,scientific,Eucalyptus nova-anglica,Eucalyptus nova-anglica,NA,Eucalyptus nova-anglica H.Deane & Maiden,scientific,Eucalyptus nova-anglica
Eucalyptus obliqua,TRUE,Eucalyptus obliqua,Eucalyptus obliqua L'Hr.,scientific,Eucalyptus obliqua,Eucalyptus obliqua,NA,Eucalyptus obliqua L'Hr.,scientific,Eucalyptus obliqua
Eucalyptus ochrophloia,TRUE,Eucalyptus ochrophloia,Eucalyptus ochrophloia F.Muell.,scientific,Eucalyptus ochrophloia,Eucalyptus ochrophloia,NA,Eucalyptus ochrophloia F.Muell.,scientific,Eucalyptus ochrophloia
Eucalyptus oleosa subsp. oleosa,TRUE,Eucalyptus oleosa subsp. oleosa,Eucalyptus oleosa F.Muell. ex Miq. subsp. oleosa,autonym,Eucalyptus oleosa,Eucalyptus oleosa subsp. oleosa,NA,Eucalyptus oleosa F.Muell. ex Miq. subsp. oleosa,autonym,Eucalyptus oleosa subsp. oleosa
Eucalyptus oleosa subsp. oleosa,TRUE,Eucalyptus oleosa subsp. oleosa,Eucalyptus oleosa F.Muell. ex Miq. subsp. oleosa,autonym,Eucalyptus oleosa subsp. oleosa,Eucalyptus oleosa subsp. oleosa,NA,Eucalyptus oleosa F.Muell. ex Miq. subsp. oleosa,autonym,Eucalyptus oleosa subsp. oleosa
Eucalyptus olida,TRUE,Eucalyptus olida,Eucalyptus olida L.A.S.Johnson & K.D.Hill,scientific,Eucalyptus olida,Eucalyptus olida,NA,Eucalyptus olida L.A.S.Johnson & K.D.Hill,scientific,Eucalyptus olida
Eucalyptus olsenii,TRUE,Eucalyptus olsenii,Eucalyptus olsenii L.A.S.Johnson & Blaxell,scientific,Eucalyptus olsenii,Eucalyptus olsenii,NA,Eucalyptus olsenii L.A.S.Johnson & Blaxell,scientific,Eucalyptus olsenii
Eucalyptus ophitica,TRUE,Eucalyptus ophitica,Eucalyptus ophitica L.A.S.Johnson & K.D.Hill,scientific,Eucalyptus ophitica,Eucalyptus ophitica,NA,Eucalyptus ophitica L.A.S.Johnson & K.D.Hill,scientific,Eucalyptus ophitica
Eucalyptus oreades,TRUE,Eucalyptus oreades,Eucalyptus oreades R.T.Baker,scientific,Eucalyptus oreades,Eucalyptus oreades,NA,Eucalyptus oreades R.T.Baker,scientific,Eucalyptus oreades
Eucalyptus ovata,TRUE,Eucalyptus ovata,Eucalyptus ovata Labill.,scientific,NA,NA,NA,NA,NA,NA
Eucalyptus pachycalyx subsp. banyabba,TRUE,Eucalyptus pachycalyx subsp. banyabba,Eucalyptus pachycalyx subsp. banyabba K.D.Hill,scientific,Eucalyptus pachycalyx subsp. banyabba,Eucalyptus pachycalyx subsp. waajensis,NA,Eucalyptus pachycalyx subsp. waajensis L.A.S.Johnson & K.D.Hill,scientific,Eucalyptus pachycalyx subsp. waajensis
Eucalyptus paliformis,TRUE,Eucalyptus paliformis,Eucalyptus paliformis L.A.S.Johnson & Blaxell,scientific,Eucalyptus paliformis,Eucalyptus paliformis,NA,Eucalyptus paliformis L.A.S.Johnson & Blaxell,scientific,Eucalyptus paliformis
Eucalyptus panda,TRUE,Eucalyptus panda,Eucalyptus panda S.T.Blake,scientific,Eucalyptus panda,Eucalyptus panda,NA,Eucalyptus panda S.T.Blake,scientific,Eucalyptus panda
Eucalyptus paniculata,TRUE,Eucalyptus fergusonii,Eucalyptus fergusonii R.T.Baker,scientific,NA,NA,NA,NA,NA,NA
Eucalyptus paniculata,TRUE,Eucalyptus fergusonii subsp. dorsiventralis,Eucalyptus fergusonii subsp. dorsiventralis L.A.S.Johnson & K.D.Hill,scientific,Eucalyptus fergusonii subsp. dorsiventralis,Eucalyptus sp. Dorsiventralis,NA,not found,,
Eucalyptus paniculata,TRUE,Eucalyptus fergusonii subsp. fergusonii,Eucalyptus fergusonii R.T.Baker subsp. fergusonii,autonym,NA,NA,NA,NA,NA,NA
Eucalyptus paniculata,TRUE,Eucalyptus paniculata,Eucalyptus paniculata Sm.,scientific,Eucalyptus paniculata,Eucalyptus paniculata,NA,Eucalyptus paniculata Sm.,scientific,Eucalyptus paniculata
Eucalyptus paniculata,TRUE,Eucalyptus paniculata subsp. matutina,Eucalyptus paniculata subsp. matutina L.A.S.Johnson & K.D.Hill,scientific,NA,NA,NA,NA,NA,NA
Eucalyptus paniculata,TRUE,Eucalyptus paniculata subsp. paniculata,Eucalyptus paniculata Sm. subsp. paniculata,autonym,NA,NA,NA,NA,NA,NA
Eucalyptus parramattensis,TRUE,Eucalyptus parramattensis,Eucalyptus parramattensis E.C.Hall,scientific,Eucalyptus parramattensis,Eucalyptus parramattensis subsp. parramattensis,NA,Eucalyptus parramattensis E.C.Hall subsp. parramattensis,autonym,Eucalyptus parramattensis subsp. parramattensis
Eucalyptus parramattensis subsp. decadens,TRUE,Eucalyptus parramattensis subsp. decadens,Eucalyptus parramattensis subsp. decadens L.A.S.Johnson & Blaxell,scientific,Eucalyptus parramattensis subsp. decadens,Eucalyptus parramattensis subsp. decadens,NA,Eucalyptus parramattensis subsp. decadens L.A.S.Johnson & Blaxell,scientific,Eucalyptus parramattensis subsp. decadens
Eucalyptus parramattensis subsp. parramattensis,TRUE,Eucalyptus parramattensis subsp. parramattensis,Eucalyptus parramattensis E.C.Hall subsp. parramattensis,autonym,Eucalyptus parramattensis subsp. parramattensis,Eucalyptus parramattensis subsp. parramattensis,NA,Eucalyptus parramattensis E.C.Hall subsp. parramattensis,autonym,Eucalyptus parramattensis subsp. parramattensis
Eucalyptus parvula,TRUE,Eucalyptus parvula,Eucalyptus parvula L.A.S.Johnson & K.D.Hill,scientific,Eucalyptus parvifolia,Eucalyptus parvula,NA,Eucalyptus parvula L.A.S.Johnson & K.D.Hill,scientific,Eucalyptus parvula
Eucalyptus parvula,TRUE,Eucalyptus parvula,Eucalyptus parvula L.A.S.Johnson & K.D.Hill,scientific,Eucalyptus parvula,Eucalyptus parvula,NA,Eucalyptus parvula L.A.S.Johnson & K.D.Hill,scientific,Eucalyptus parvula
Eucalyptus pauciflora,TRUE,Eucalyptus pauciflora,Eucalyptus pauciflora Sieber ex Spreng.,scientific,Eucalyptus pauciflora,Eucalyptus pauciflora subsp. pauciflora,NA,Eucalyptus pauciflora Sieber ex Spreng. subsp. pauciflora,autonym,Eucalyptus pauciflora subsp. pauciflora
Eucalyptus pauciflora,TRUE,Eucalyptus pauciflora,Eucalyptus pauciflora Sieber ex Spreng.,scientific,Eucalyptus pauciflora subsp. pauciflora,Eucalyptus pauciflora subsp. pauciflora,NA,Eucalyptus pauciflora Sieber ex Spreng. subsp. pauciflora,autonym,Eucalyptus pauciflora subsp. pauciflora
Eucalyptus pauciflora subsp. debeuzevillei,TRUE,Eucalyptus debeuzevillei,Eucalyptus debeuzevillei Maiden,scientific,Eucalyptus debeuzevillei,Eucalyptus pauciflora subsp. debeuzevillei,NA,Eucalyptus pauciflora subsp. debeuzevillei (Maiden) L.A.S.Johnson & Blaxell,scientific,Eucalyptus pauciflora subsp. debeuzevillei
Eucalyptus pauciflora subsp. debeuzevillei,TRUE,Eucalyptus debeuzevillei,Eucalyptus debeuzevillei Maiden,scientific,Eucalyptus pauciflora subsp. debeuzevillei,Eucalyptus pauciflora subsp. debeuzevillei,NA,Eucalyptus pauciflora subsp. debeuzevillei (Maiden) L.A.S.Johnson & Blaxell,scientific,Eucalyptus pauciflora subsp. debeuzevillei
Eucalyptus pauciflora subsp. niphophila,TRUE,Eucalyptus niphophila,Eucalyptus niphophila Maiden & Blakely,scientific,Eucalyptus niphophila,Eucalyptus pauciflora subsp. niphophila,NA,Eucalyptus pauciflora subsp. niphophila (Maiden & Blakely) L.A.S.Johnson & Blaxell,scientific,Eucalyptus pauciflora subsp. niphophila
Eucalyptus pauciflora subsp. niphophila,TRUE,Eucalyptus niphophila,Eucalyptus niphophila Maiden & Blakely,scientific,Eucalyptus pauciflora subsp. niphophila,Eucalyptus pauciflora subsp. niphophila,NA,Eucalyptus pauciflora subsp. niphophila (Maiden & Blakely) L.A.S.Johnson & Blaxell,scientific,Eucalyptus pauciflora subsp. niphophila
Eucalyptus perriniana,TRUE,Eucalyptus perriniana,Eucalyptus perriniana F.Muell. ex Rodway,scientific,Eucalyptus perriniana,Eucalyptus perriniana,NA,Eucalyptus perriniana F.Muell. ex Rodway,scientific,Eucalyptus perriniana
Eucalyptus pilularis,TRUE,Eucalyptus pilularis,Eucalyptus pilularis Sm.,scientific,Eucalyptus pilularis,Eucalyptus pilularis,NA,Eucalyptus pilularis Sm.,scientific,Eucalyptus pilularis
Eucalyptus piperita,TRUE,Eucalyptus piperita,Eucalyptus piperita Sm.,scientific,Eucalyptus piperita subsp. piperita,Eucalyptus piperita subsp. piperita,NA,Eucalyptus piperita Sm. subsp. piperita,autonym,Eucalyptus piperita subsp. piperita
Eucalyptus piperita,TRUE,Eucalyptus piperita,Eucalyptus piperita Sm.,scientific,Eucalyptus piperita subsp. urceolaris,Eucalyptus piperita subsp. urceolaris,NA,Eucalyptus piperita subsp. urceolaris (Maiden & Blakely) L.A.S.Johnson & Blaxell,scientific,Eucalyptus piperita subsp. urceolaris
Eucalyptus placita,TRUE,Eucalyptus placita,Eucalyptus placita L.A.S.Johnson & K.D.Hill,scientific,Eucalyptus placita,Eucalyptus placita,NA,Eucalyptus placita L.A.S.Johnson & K.D.Hill,scientific,Eucalyptus placita
Eucalyptus planchoniana,TRUE,Eucalyptus planchoniana,Eucalyptus planchoniana F.Muell.,scientific,Eucalyptus planchoniana,Eucalyptus planchoniana,NA,Eucalyptus planchoniana F.Muell.,scientific,Eucalyptus planchoniana
Eucalyptus polyanthemos,TRUE,Eucalyptus polyanthemos,Eucalyptus polyanthemos Schauer,scientific,NA,NA,NA,NA,NA,NA
Eucalyptus polyanthemos subsp. polyanthemos,TRUE,Eucalyptus polyanthemos subsp. polyanthemos,Eucalyptus polyanthemos Schauer subsp. polyanthemos,autonym,Eucalyptus polyanthemos subsp. polyanthemos,Eucalyptus polyanthemos subsp. polyanthemos,NA,Eucalyptus polyanthemos Schauer subsp. polyanthemos,autonym,Eucalyptus polyanthemos subsp. polyanthemos
Eucalyptus polyanthemos subsp. vestita,TRUE,Eucalyptus polyanthemos subsp. vestita,Eucalyptus polyanthemos subsp. vestita L.A.S.Johnson & K.D.Hill,scientific,Eucalyptus polyanthemos subsp. vestita,Eucalyptus polyanthemos subsp. vestita,NA,Eucalyptus polyanthemos subsp. vestita L.A.S.Johnson & K.D.Hill,scientific,Eucalyptus polyanthemos subsp. vestita
Eucalyptus polybractea,TRUE,Eucalyptus polybractea,Eucalyptus polybractea R.T.Baker,scientific,Eucalyptus polybractea,Eucalyptus polybractea,NA,Eucalyptus polybractea R.T.Baker,scientific,Eucalyptus polybractea
Eucalyptus populnea,TRUE,Eucalyptus populnea subsp. bimbil,Eucalyptus populnea subsp. bimbil L.A.S.Johnson & K.D.Hill,scientific,Eucalyptus populnea,Eucalyptus populnea,NA,Eucalyptus populnea F.Muell.,scientific,Eucalyptus populnea
Eucalyptus populnea,TRUE,Eucalyptus populnea subsp. bimbil,Eucalyptus populnea subsp. bimbil L.A.S.Johnson & K.D.Hill,scientific,Eucalyptus populnea subsp. bimbil,Eucalyptus populnea,NA,Eucalyptus populnea F.Muell.,scientific,Eucalyptus populnea
Eucalyptus porosa,TRUE,Eucalyptus porosa,Eucalyptus porosa F.Muell. ex Miq.,scientific,Eucalyptus porosa,Eucalyptus porosa,NA,Eucalyptus porosa F.Muell. ex Miq.,scientific,Eucalyptus porosa
Eucalyptus prava,TRUE,Eucalyptus prava,Eucalyptus prava L.A.S.Johnson & K.D.Hill,scientific,Eucalyptus prava,Eucalyptus prava,NA,Eucalyptus prava L.A.S.Johnson & K.D.Hill,scientific,Eucalyptus prava
Eucalyptus propinqua,TRUE,Eucalyptus propinqua,Eucalyptus propinqua H.Deane & Maiden,scientific,Eucalyptus propinqua,Eucalyptus propinqua,NA,Eucalyptus propinqua H.Deane & Maiden,scientific,Eucalyptus propinqua
Eucalyptus psammitica,TRUE,Eucalyptus psammitica,Eucalyptus psammitica L.A.S.Johnson & K.D.Hill,scientific,Eucalyptus psammitica,Eucalyptus psammitica,NA,Eucalyptus psammitica L.A.S.Johnson & K.D.Hill,scientific,Eucalyptus psammitica
Eucalyptus pulverulenta,TRUE,Eucalyptus pulverulenta,Eucalyptus pulverulenta Sims,scientific,Eucalyptus pulverulenta,Eucalyptus pulverulenta,NA,Eucalyptus pulverulenta Sims,scientific,Eucalyptus pulverulenta
Eucalyptus pumila,TRUE,Eucalyptus pumila,Eucalyptus pumila Cambage,scientific,Eucalyptus pumila,Eucalyptus pumila,NA,Eucalyptus pumila Cambage,scientific,Eucalyptus pumila
Eucalyptus punctata,TRUE,Eucalyptus biturbinata,Eucalyptus biturbinata L.A.S.Johnson & K.D.Hill,scientific,NA,NA,NA,NA,NA,NA
Eucalyptus punctata,TRUE,Eucalyptus punctata,Eucalyptus punctata DC.,scientific,Eucalyptus punctata,Eucalyptus punctata,NA,Eucalyptus punctata DC.,scientific,Eucalyptus punctata
Eucalyptus punctata,FALSE,Eucalyptus punctata subsp. punctata,not found,,NA,NA,NA,NA,NA,NA
Eucalyptus pyrocarpa,TRUE,Eucalyptus pyrocarpa,Eucalyptus pyrocarpa L.A.S.Johnson & Blaxell,scientific,Eucalyptus pyrocarpa,Eucalyptus pyrocarpa,NA,Eucalyptus pyrocarpa L.A.S.Johnson & Blaxell,scientific,Eucalyptus pyrocarpa
Eucalyptus quadrangulata,TRUE,Eucalyptus quadrangulata,Eucalyptus quadrangulata H.Deane & Maiden,scientific,Eucalyptus quadrangulata,Eucalyptus quadrangulata,NA,Eucalyptus quadrangulata H.Deane & Maiden,scientific,Eucalyptus quadrangulata
Eucalyptus quinniorum,TRUE,Eucalyptus quinniorum,Eucalyptus quinniorum J.T.Hunter & J.J.Bruhl,scientific,NA,NA,NA,NA,NA,NA
Eucalyptus racemosa,TRUE,Eucalyptus racemosa,Eucalyptus racemosa Cav.,scientific,Eucalyptus racemosa,Eucalyptus racemosa subsp. racemosa,NA,Eucalyptus racemosa Cav. subsp. racemosa,autonym,Eucalyptus racemosa subsp. racemosa
Eucalyptus racemosa,TRUE,Eucalyptus racemosa,Eucalyptus racemosa Cav.,scientific,Eucalyptus racemosa subsp. racemosa,Eucalyptus racemosa subsp. racemosa,NA,Eucalyptus racemosa Cav. subsp. racemosa,autonym,Eucalyptus racemosa subsp. racemosa
Eucalyptus racemosa,TRUE,Eucalyptus sclerophylla,Eucalyptus sclerophylla (Blakely) L.A.S.Johnson & Blaxell,scientific,NA,NA,NA,NA,NA,NA
Eucalyptus racemosa,TRUE,Eucalyptus signata,Eucalyptus signata F.Muell.,scientific,NA,NA,NA,NA,NA,NA
Eucalyptus radiata,TRUE,Eucalyptus radiata,Eucalyptus radiata Sieber ex DC.,scientific,NA,NA,NA,NA,NA,NA
Eucalyptus radiata subsp. radiata,TRUE,Eucalyptus radiata subsp. radiata,Eucalyptus radiata Sieber ex DC. subsp. radiata,autonym,Eucalyptus radiata subsp. radiata,Eucalyptus radiata subsp. radiata,NA,Eucalyptus radiata Sieber ex DC. subsp. radiata,autonym,Eucalyptus radiata subsp. radiata
Eucalyptus radiata subsp. robertsonii,TRUE,Eucalyptus robertsonii,Eucalyptus robertsonii Blakely,scientific,Eucalyptus radiata subsp. robertsonii,Eucalyptus radiata subsp. robertsonii,NA,Eucalyptus radiata subsp. robertsonii (Blakely) L.A.S.Johnson & Blaxell,scientific,Eucalyptus radiata subsp. robertsonii
Eucalyptus radiata subsp. robertsonii,TRUE,Eucalyptus robertsonii,Eucalyptus robertsonii Blakely,scientific,Eucalyptus robertsonii,Eucalyptus radiata subsp. robertsonii,NA,Eucalyptus radiata subsp. robertsonii (Blakely) L.A.S.Johnson & Blaxell,scientific,Eucalyptus radiata subsp. robertsonii
Eucalyptus radiata subsp. robertsonii,TRUE,Eucalyptus robertsonii subsp. hemisphaerica,Eucalyptus robertsonii subsp. hemisphaerica L.A.S.Johnson & K.D.Hill,scientific,NA,NA,NA,NA,NA,NA
Eucalyptus radiata subsp. robertsonii,TRUE,Eucalyptus robertsonii subsp. robertsonii,Eucalyptus robertsonii Blakely subsp. robertsonii,autonym,NA,NA,NA,NA,NA,NA
Eucalyptus radiata subsp. sejuncta,TRUE,Eucalyptus radiata subsp. sejuncta,Eucalyptus radiata subsp. sejuncta L.A.S.Johnson & K.D.Hill,scientific,Eucalyptus radiata subsp. sejuncta,Eucalyptus radiata subsp. sejuncta,NA,Eucalyptus radiata subsp. sejuncta L.A.S.Johnson & K.D.Hill,scientific,Eucalyptus radiata subsp. sejuncta
Eucalyptus recurva,TRUE,Eucalyptus recurva,Eucalyptus recurva Crisp,scientific,Eucalyptus recurva,Eucalyptus recurva,NA,Eucalyptus recurva Crisp,scientific,Eucalyptus recurva
Eucalyptus resinifera,TRUE,Eucalyptus resinifera,Eucalyptus resinifera Sm.,scientific,NA,NA,NA,NA,NA,NA
Eucalyptus resinifera subsp. hemilampra,TRUE,Eucalyptus resinifera subsp. hemilampra,Eucalyptus resinifera subsp. hemilampra (F.Muell.) L.A.S.Johnson & K.D.Hill,scientific,Eucalyptus resinifera subsp. hemilampra,Eucalyptus resinifera subsp. hemilampra,NA,Eucalyptus resinifera subsp. hemilampra (F.Muell.) L.A.S.Johnson & K.D.Hill,scientific,Eucalyptus resinifera subsp. hemilampra
Eucalyptus resinifera subsp. resinifera,TRUE,Eucalyptus resinifera subsp. resinifera,Eucalyptus resinifera Sm. subsp. resinifera,autonym,Eucalyptus resinifera subsp. resinifera,Eucalyptus resinifera subsp. resinifera,NA,Eucalyptus resinifera Sm. subsp. resinifera,autonym,Eucalyptus resinifera subsp. resinifera
Eucalyptus retinens,TRUE,Eucalyptus retinens,Eucalyptus retinens L.A.S.Johnson & K.D.Hill,scientific,Eucalyptus retinens,Eucalyptus retinens,NA,Eucalyptus retinens L.A.S.Johnson & K.D.Hill,scientific,Eucalyptus retinens
Eucalyptus robusta,TRUE,Eucalyptus robusta,Eucalyptus robusta Sm.,scientific,Eucalyptus robusta,Eucalyptus robusta,NA,Eucalyptus robusta Sm.,scientific,Eucalyptus robusta
Eucalyptus rossii,TRUE,Eucalyptus rossii,Eucalyptus rossii R.T.Baker & H.G.Sm.,scientific,Eucalyptus racemosa subsp. rossii,Eucalyptus racemosa subsp. rossii,NA,Eucalyptus racemosa subsp. rossii (R.T.Baker & H.G.Sm.) B.E.Pfeil & Henwood,scientific,Eucalyptus racemosa subsp. rossii
Eucalyptus rossii,TRUE,Eucalyptus rossii,Eucalyptus rossii R.T.Baker & H.G.Sm.,scientific,Eucalyptus rossii,Eucalyptus racemosa subsp. rossii,NA,Eucalyptus racemosa subsp. rossii (R.T.Baker & H.G.Sm.) B.E.Pfeil & Henwood,scientific,Eucalyptus racemosa subsp. rossii
Eucalyptus rubida,TRUE,Eucalyptus rubida,Eucalyptus rubida H.Deane & Maiden,scientific,NA,NA,NA,NA,NA,NA
Eucalyptus rubida subsp. barbigerorum,TRUE,Eucalyptus rubida subsp. barbigerorum,Eucalyptus rubida subsp. barbigerorum L.A.S.Johnson & K.D.Hill,scientific,Eucalyptus rubida subsp. barbigerorum,Eucalyptus rubida subsp. barbigerorum,NA,Eucalyptus rubida subsp. barbigerorum L.A.S.Johnson & K.D.Hill,scientific,Eucalyptus rubida subsp. barbigerorum
Eucalyptus rubida subsp. rubida,TRUE,Eucalyptus rubida subsp. rubida,Eucalyptus rubida H.Deane & Maiden subsp. rubida,autonym,Eucalyptus rubida subsp. rubida,Eucalyptus rubida subsp. rubida,NA,Eucalyptus rubida H.Deane & Maiden subsp. rubida,autonym,Eucalyptus rubida subsp. rubida
Eucalyptus rudderi,TRUE,Eucalyptus rudderi,Eucalyptus rudderi Maiden,scientific,Eucalyptus rudderi,Eucalyptus rudderi,NA,Eucalyptus rudderi Maiden,scientific,Eucalyptus rudderi
Eucalyptus rummeryi,TRUE,Eucalyptus rummeryi,Eucalyptus rummeryi Maiden,scientific,Eucalyptus rummeryi,Eucalyptus rummeryi,NA,Eucalyptus rummeryi Maiden,scientific,Eucalyptus rummeryi
Eucalyptus saligna,TRUE,Eucalyptus saligna,Eucalyptus saligna Sm.,scientific,Eucalyptus saligna,Eucalyptus saligna,NA,Eucalyptus saligna Sm.,scientific,Eucalyptus saligna
Eucalyptus saxatilis,TRUE,Eucalyptus saxatilis,Eucalyptus saxatilis J.B.Kirkp. & Brooker,scientific,Eucalyptus saxatilis,Eucalyptus saxatilis,NA,Eucalyptus saxatilis J.B.Kirkp. & Brooker,scientific,Eucalyptus saxatilis
Eucalyptus scias,TRUE,Eucalyptus scias,Eucalyptus scias L.A.S.Johnson & K.D.Hill,scientific,Eucalyptus pellita,Eucalyptus pellita,NA,Eucalyptus pellita F.Muell.,scientific,Eucalyptus pellita
Eucalyptus scias,TRUE,Eucalyptus scias,Eucalyptus scias L.A.S.Johnson & K.D.Hill,scientific,Eucalyptus scias,Eucalyptus pellita,NA,Eucalyptus pellita F.Muell.,scientific,Eucalyptus pellita
Eucalyptus scias subsp. apoda,TRUE,Eucalyptus scias subsp. apoda,Eucalyptus scias subsp. apoda L.A.S.Johnson & K.D.Hill,scientific,Eucalyptus scias subsp. apoda,Eucalyptus scias subsp. apoda,NA,Eucalyptus scias subsp. apoda L.A.S.Johnson & K.D.Hill,scientific,Eucalyptus scias subsp. apoda
Eucalyptus scias subsp. scias,TRUE,Eucalyptus scias subsp. callimastha,Eucalyptus scias subsp. callimastha L.A.S.Johnson & K.D.Hill,scientific,NA,NA,NA,NA,NA,NA
Eucalyptus scias subsp. scias,TRUE,Eucalyptus scias subsp. scias,Eucalyptus scias L.A.S.Johnson & K.D.Hill subsp. scias,autonym,Eucalyptus scias subsp. scias,Eucalyptus scias subsp. scias,NA,Eucalyptus scias L.A.S.Johnson & K.D.Hill subsp. scias,autonym,Eucalyptus scias subsp. scias
Eucalyptus scoparia,TRUE,Eucalyptus scoparia,Eucalyptus scoparia Maiden,scientific,Eucalyptus scoparia,Eucalyptus scoparia,NA,Eucalyptus scoparia Maiden,scientific,Eucalyptus scoparia
Eucalyptus seeana,TRUE,Eucalyptus seeana,Eucalyptus seeana Maiden,scientific,Eucalyptus seeana,Eucalyptus seeana,NA,Eucalyptus seeana Maiden,scientific,Eucalyptus seeana
Eucalyptus siderophloia,TRUE,Eucalyptus siderophloia,Eucalyptus siderophloia Benth.,scientific,Eucalyptus siderophloia,Eucalyptus siderophloia,NA,Eucalyptus siderophloia Benth.,scientific,Eucalyptus siderophloia
Eucalyptus sideroxylon,TRUE,Eucalyptus sideroxylon,Eucalyptus sideroxylon A.Cunn. ex Woolls,scientific,Eucalyptus sideroxylon,Eucalyptus sideroxylon,NA,Eucalyptus sideroxylon A.Cunn. ex Woolls,scientific,Eucalyptus sideroxylon
Eucalyptus sideroxylon,TRUE,Eucalyptus sideroxylon,Eucalyptus sideroxylon A.Cunn. ex Woolls,scientific,Eucalyptus sideroxylon subsp. sideroxylon,Eucalyptus sideroxylon,NA,Eucalyptus sideroxylon A.Cunn. ex Woolls,scientific,Eucalyptus sideroxylon
Eucalyptus sieberi,TRUE,Eucalyptus sieberi,Eucalyptus sieberi L.A.S.Johnson,scientific,Eucalyptus sieberi,Eucalyptus sieberi,NA,Eucalyptus sieberi L.A.S.Johnson,scientific,Eucalyptus sieberi
Eucalyptus smithii,TRUE,Eucalyptus smithii,Eucalyptus smithii R.T.Baker,scientific,Eucalyptus smithii,Eucalyptus smithii,NA,Eucalyptus smithii R.T.Baker,scientific,Eucalyptus smithii
Eucalyptus socialis,TRUE,Eucalyptus socialis,Eucalyptus socialis F.Muell. ex Miq.,scientific,Eucalyptus socialis,Eucalyptus socialis subsp. socialis,NA,Eucalyptus socialis F.Muell. ex Miq. subsp. socialis,autonym,Eucalyptus socialis subsp. socialis
Eucalyptus sp. Cattai,FALSE,Eucalyptus sp. Cattai,not found,,NA,NA,NA,NA,NA,NA
Eucalyptus sparsifolia,TRUE,Eucalyptus sparsifolia,Eucalyptus sparsifolia Blakely,scientific,Eucalyptus sparsifolia,Eucalyptus sparsifolia,NA,Eucalyptus sparsifolia Blakely,scientific,Eucalyptus sparsifolia
Eucalyptus squamosa,TRUE,Eucalyptus squamosa,Eucalyptus squamosa H.Deane & Maiden,scientific,Eucalyptus squamosa,Eucalyptus squamosa,NA,Eucalyptus squamosa H.Deane & Maiden,scientific,Eucalyptus squamosa
Eucalyptus stellulata,TRUE,Eucalyptus stellulata,Eucalyptus stellulata Sieber ex DC.,scientific,Eucalyptus stellulata,Eucalyptus stellulata,NA,Eucalyptus stellulata Sieber ex DC.,scientific,Eucalyptus stellulata
Eucalyptus stenostoma,TRUE,Eucalyptus stenostoma,Eucalyptus stenostoma L.A.S.Johnson & Blaxell,scientific,Eucalyptus stenostoma,Eucalyptus stenostoma,NA,Eucalyptus stenostoma L.A.S.Johnson & Blaxell,scientific,Eucalyptus stenostoma
Eucalyptus stricta,TRUE,Eucalyptus spectatrix,Eucalyptus spectatrix L.A.S.Johnson & Blaxell,scientific,NA,NA,NA,NA,NA,NA
Eucalyptus stricta,TRUE,Eucalyptus stricta,Eucalyptus stricta Sieber ex Spreng.,scientific,Eucalyptus stricta,Eucalyptus stricta,NA,Eucalyptus stricta Sieber ex Spreng.,scientific,Eucalyptus stricta
Eucalyptus sturgissiana,TRUE,Eucalyptus sturgissiana,Eucalyptus sturgissiana L.A.S.Johnson & Blaxell,scientific,Eucalyptus sturgissiana,Eucalyptus sturgissiana,NA,Eucalyptus sturgissiana L.A.S.Johnson & Blaxell,scientific,Eucalyptus sturgissiana
Eucalyptus tenella,TRUE,Eucalyptus ralla,Eucalyptus ralla L.A.S.Johnson & K.D.Hill,scientific,NA,NA,NA,NA,NA,NA
Eucalyptus tenella,TRUE,Eucalyptus tenella,Eucalyptus tenella L.A.S.Johnson & K.D.Hill,scientific,Eucalyptus tenella,Eucalyptus tenella,NA,Eucalyptus tenella L.A.S.Johnson & K.D.Hill,scientific,Eucalyptus tenella
Eucalyptus tereticornis,TRUE,Eucalyptus tereticornis,Eucalyptus tereticornis Sm.,scientific,NA,NA,NA,NA,NA,NA
Eucalyptus tereticornis subsp. tereticornis,TRUE,Eucalyptus tereticornis subsp. tereticornis,Eucalyptus tereticornis Sm. subsp. tereticornis,autonym,Eucalyptus tereticornis subsp. tereticornis,Eucalyptus tereticornis subsp. tereticornis,NA,Eucalyptus tereticornis Sm. subsp. tereticornis,autonym,Eucalyptus tereticornis subsp. tereticornis
Eucalyptus tetrapleura,TRUE,Eucalyptus tetrapleura,Eucalyptus tetrapleura L.A.S.Johnson,scientific,Eucalyptus tetrapleura,Eucalyptus tetrapleura,NA,Eucalyptus tetrapleura L.A.S.Johnson,scientific,Eucalyptus tetrapleura
Eucalyptus tindaliae,TRUE,Eucalyptus tindaliae,Eucalyptus tindaliae Blakely,scientific,Eucalyptus tindaliae,Eucalyptus tindaliae,NA,Eucalyptus tindaliae Blakely,scientific,Eucalyptus tindaliae
Eucalyptus tricarpa,TRUE,Eucalyptus tricarpa,Eucalyptus tricarpa (L.A.S.Johnson) L.A.S.Johnson & K.D.Hill,scientific,Eucalyptus tricarpa,Eucalyptus tricarpa,NA,Eucalyptus tricarpa (L.A.S.Johnson) L.A.S.Johnson & K.D.Hill,scientific,Eucalyptus tricarpa
Eucalyptus triflora,TRUE,Eucalyptus triflora,Eucalyptus triflora (Maiden) Blakely,scientific,Eucalyptus triflora,Eucalyptus triflora,NA,Eucalyptus triflora (Maiden) Blakely,scientific,Eucalyptus triflora
Eucalyptus umbra,TRUE,Eucalyptus umbra,Eucalyptus umbra R.T.Baker,scientific,Eucalyptus umbra,Eucalyptus umbra,NA,Eucalyptus umbra R.T.Baker,scientific,Eucalyptus umbra
Eucalyptus umbra,TRUE,Eucalyptus umbra,Eucalyptus umbra R.T.Baker,scientific,Eucalyptus umbra subsp. umbra,Eucalyptus umbra,NA,Eucalyptus umbra R.T.Baker,scientific,Eucalyptus umbra
Eucalyptus vicina,TRUE,Eucalyptus vicina,Eucalyptus vicina L.A.S.Johnson & K.D.Hill,scientific,Eucalyptus vicina,Eucalyptus vicina,NA,Eucalyptus vicina L.A.S.Johnson & K.D.Hill,scientific,Eucalyptus vicina
Eucalyptus viminalis,TRUE,Eucalyptus viminalis,Eucalyptus viminalis Labill.,scientific,Eucalyptus viminalis,Eucalyptus viminalis subsp. viminalis,NA,Eucalyptus viminalis Labill. subsp. viminalis,autonym,Eucalyptus viminalis subsp. viminalis
Eucalyptus viminalis,TRUE,Eucalyptus viminalis,Eucalyptus viminalis Labill.,scientific,Eucalyptus viminalis subsp. viminalis,Eucalyptus viminalis subsp. viminalis,NA,Eucalyptus viminalis Labill. subsp. viminalis,autonym,Eucalyptus viminalis subsp. viminalis
Eucalyptus viridis,TRUE,Eucalyptus aenea,Eucalyptus aenea K.D.Hill,scientific,Eucalyptus aenea,Eucalyptus viridis,NA,Eucalyptus viridis R.T.Baker,scientific,Eucalyptus viridis
Eucalyptus viridis,TRUE,Eucalyptus viridis,Eucalyptus viridis R.T.Baker,scientific,Eucalyptus viridis,Eucalyptus viridis,NA,Eucalyptus viridis R.T.Baker,scientific,Eucalyptus viridis
Eucalyptus volcanica,TRUE,Eucalyptus volcanica,Eucalyptus volcanica L.A.S.Johnson & K.D.Hill,scientific,Eucalyptus volcanica,Eucalyptus volcanica,NA,Eucalyptus volcanica L.A.S.Johnson & K.D.Hill,scientific,Eucalyptus volcanica
Eucalyptus wilcoxii,TRUE,Eucalyptus wilcoxii,Eucalyptus wilcoxii Boland & Kleinig,scientific,Eucalyptus wilcoxii,Eucalyptus wilcoxii,NA,Eucalyptus wilcoxii Boland & Kleinig,scientific,Eucalyptus wilcoxii
Eucalyptus williamsiana,TRUE,Eucalyptus williamsiana,Eucalyptus williamsiana L.A.S.Johnson & K.D.Hill,scientific,Eucalyptus williamsiana,Eucalyptus williamsiana,NA,Eucalyptus williamsiana L.A.S.Johnson & K.D.Hill,scientific,Eucalyptus williamsiana
Eucalyptus woollsiana,TRUE,Eucalyptus pilligaensis,Eucalyptus pilligaensis Maiden,scientific,Eucalyptus pilligaensis,Eucalyptus woollsiana,NA,Eucalyptus woollsiana R.T.Baker,scientific,Eucalyptus woollsiana
Eucalyptus x beyeri,FALSE,Eucalyptus beyeriana <--> crebra,not found,,Eucalyptus beyeriana <--> crebra,No match,NA,NA,NA,NA
Eucalyptus youmanii,TRUE,Eucalyptus prominula,Eucalyptus prominula L.A.S.Johnson & K.D.Hill,scientific,Eucalyptus prominula,Eucalyptus prominula,NA,Eucalyptus prominula L.A.S.Johnson & K.D.Hill,scientific,Eucalyptus prominula
Eucalyptus youmanii,TRUE,Eucalyptus subtilior,Eucalyptus subtilior L.A.S.Johnson & K.D.Hill,scientific,NA,NA,NA,NA,NA,NA
Eucalyptus youmanii,TRUE,Eucalyptus youmanii,Eucalyptus youmanii Blakely & McKie,scientific,Eucalyptus youmanii,Eucalyptus youmanii,NA,Eucalyptus youmanii Blakely & McKie,scientific,Eucalyptus youmanii
NA,NA,NA,NA,NA,NA,Match found,Corymbia clarksoniana,NA,NA,NA
NA,NA,NA,NA,NA,NA,Match found,Corymbia terminalis,NA,NA,NA
NA,NA,NA,NA,NA,NA,Match found,Eucalyptus approximans subsp. approximans,NA,NA,NA
NA,NA,NA,NA,NA,NA,Match found,Eucalyptus approximans subsp. codonocarpa,NA,NA,NA
NA,NA,NA,NA,NA,NA,Match found,Eucalyptus calycogona subsp. trachybasis,NA,NA,NA
NA,NA,NA,NA,NA,NA,Match found,Eucalyptus cinerea subsp. triplex,NA,NA,NA
NA,NA,NA,NA,NA,NA,Match found,Eucalyptus conspicua subsp. conspicua,NA,NA,NA
NA,NA,NA,NA,NA,NA,Match found,Eucalyptus globulus subsp. pseudoglobulus,NA,NA,NA
NA,NA,NA,NA,NA,NA,Match found,Eucalyptus melanophloia subsp. melanophloia,NA,NA,NA
NA,NA,NA,NA,NA,NA,Match found,Eucalyptus moorei subsp. moorei,NA,NA,NA
NA,NA,NA,NA,NA,NA,Match found,Eucalyptus moorei subsp. serpentinicola,NA,NA,NA
NA,NA,NA,NA,NA,NA,Match found,Eucalyptus ovata subsp. ovata,NA,NA,NA
NA,NA,NA,NA,NA,NA,Match found,Eucalyptus pachycalyx subsp. waajensis,NA,NA,NA
NA,NA,NA,NA,NA,NA,No match,Eucalyptus parramattensis var. sphaerocalyx,NA,NA,NA
NA,NA,NA,NA,NA,NA,Match found,Eucalyptus socialis subsp. socialis,NA,NA,NA
NA,NA,NA,NA,NA,NA,Match found,Eucalyptus sp. Dorsiventralis,NA,NA,NA
NA,NA,NA,NA,NA,NA,Match found,Eucalyptus woollsiana,NA,NA,NA
NA,FALSE,Angophora floribunda x paludosa,not found,,Angophora floribunda x paludosa,No match,NA,NA,NA,NA
NA,FALSE,Angophora robur x subvelutina,not found,,Angophora robur x subvelutina,No match,NA,NA,NA,NA
NA,FALSE,Angophora spp.,not found,,Angophora spp.,No match,NA,NA,NA,NA
NA,FALSE,Corymbia maculata <--> variegata intergrade,not found,,Corymbia maculata <--> variegata intergrade,No match,NA,NA,NA,NA
NA,FALSE,Corymbia spp.,not found,,Corymbia spp.,No match,NA,NA,NA,NA
NA,FALSE,Eucalyptus albens <--> moluccana,not found,,Eucalyptus albens <--> moluccana,No match,NA,NA,NA,NA
NA,FALSE,Eucalyptus albens <--> moluccana,not found,,Eucalyptus albens x moluccana,No match,NA,NA,NA,NA
NA,FALSE,Eucalyptus albens x crebra,not found,,Eucalyptus albens x crebra,No match,NA,NA,NA,NA
NA,FALSE,Eucalyptus apothalassica x chloroclada,not found,,Eucalyptus apothalassica x chloroclada,No match,NA,NA,NA,NA
NA,FALSE,Eucalyptus blakelyi <--> dealbata,not found,,Eucalyptus blakelyi <--> dealbata,No match,NA,NA,NA,NA
NA,FALSE,Eucalyptus blakelyi <--> tereticornis,not found,,Eucalyptus blakelyi <--> tereticornis,No match,NA,NA,NA,NA
NA,FALSE,Eucalyptus blakelyi x chloroclada,not found,,Eucalyptus blakelyi x chloroclada,No match,NA,NA,NA,NA
NA,FALSE,Eucalyptus blakelyi x dwyeri,not found,,Eucalyptus blakelyi x dwyeri,No match,NA,NA,NA,NA
NA,FALSE,Eucalyptus blakelyi x melliodora,not found,,Eucalyptus blakelyi x melliodora,No match,NA,NA,NA,NA
NA,FALSE,Eucalyptus botryoides <--> saligna,not found,,Eucalyptus botryoides <--> saligna,No match,NA,NA,NA,NA
NA,FALSE,Eucalyptus caliginosa <--> laevopinea,not found,,Eucalyptus caliginosa <--> laevopinea,No match,NA,NA,NA,NA
NA,FALSE,Eucalyptus camaldulensis <--> chloroclada,not found,,Eucalyptus camaldulensis <--> chloroclada,No match,NA,NA,NA,NA
NA,FALSE,Eucalyptus cameronii x mckiei,not found,,Eucalyptus cameronii x mckiei,No match,NA,NA,NA,NA
NA,FALSE,Eucalyptus canaliculata <--> punctata,not found,,Eucalyptus canaliculata <--> punctata,No match,NA,NA,NA,NA
NA,FALSE,Eucalyptus conjuncta,not found,,NA,NA,NA,NA,NA,NA
NA,FALSE,Eucalyptus crebra x fibrosa,not found,,Eucalyptus crebra x fibrosa,No match,NA,NA,NA,NA
NA,FALSE,Eucalyptus crebra x microcarpa,not found,,Eucalyptus crebra x microcarpa,No match,NA,NA,NA,NA
NA,FALSE,Eucalyptus crebra x nubila,not found,,Eucalyptus crebra x nubila,No match,NA,NA,NA,NA
NA,FALSE,Eucalyptus crebra x siderophloia,not found,,Eucalyptus crebra x siderophloia,No match,NA,NA,NA,NA
NA,FALSE,Eucalyptus dalrympleana x viminalis,not found,,Eucalyptus dalrympleana x viminalis,No match,NA,NA,NA,NA
NA,FALSE,Eucalyptus dealbata x dwyeri,not found,,Eucalyptus dealbata x dwyeri,No match,NA,NA,NA,NA
NA,FALSE,Eucalyptus dives x pauciflora,not found,,Eucalyptus dives x pauciflora,No match,NA,NA,NA,NA
NA,FALSE,Eucalyptus dives x rossii,not found,,Eucalyptus dives x rossii,No match,NA,NA,NA,NA
NA,FALSE,Eucalyptus eugenioides x globoidea,not found,,Eucalyptus eugenioides x globoidea,No match,NA,NA,NA,NA
NA,FALSE,Eucalyptus fibrosa x punctata,not found,,Eucalyptus fibrosa x punctata,No match,NA,NA,NA,NA
NA,FALSE,Eucalyptus grandis x saligna,not found,,Eucalyptus grandis x saligna,No match,NA,NA,NA,NA
NA,FALSE,Eucalyptus haemastoma x racemosa,not found,,Eucalyptus haemastoma x racemosa,No match,NA,NA,NA,NA
NA,FALSE,Eucalyptus microcarpa <--> viridis,not found,,Eucalyptus microcarpa <--> viridis,No match,NA,NA,NA,NA
NA,FALSE,Eucalyptus microcarpa x pilligaensis,not found,,Eucalyptus microcarpa x pilligaensis,No match,NA,NA,NA,NA
NA,FALSE,Eucalyptus nobilis <--> viminalis,not found,,Eucalyptus nobilis <--> viminalis,No match,NA,NA,NA,NA
NA,FALSE,Eucalyptus nubila,not found,,Eucalyptus fibrosa subsp. nubila,Eucalyptus fibrosa subsp. nubila,NA,not found,,
NA,FALSE,Eucalyptus nubila,not found,,Eucalyptus nubila,Eucalyptus fibrosa subsp. nubila,NA,not found,,
NA,FALSE,Eucalyptus robusta x saligna,not found,,Eucalyptus robusta x saligna,No match,NA,NA,NA,NA
NA,FALSE,Eucalyptus rubida x viminalis,not found,,Eucalyptus rubida x viminalis,No match,NA,NA,NA,NA
NA,FALSE,Eucalyptus sideroxylon <--> viridis,not found,,Eucalyptus sideroxylon <--> viridis,No match,NA,NA,NA,NA
NA,FALSE,Eucalyptus sp. aff. agglomerata,not found,,NA,NA,NA,NA,NA,NA
NA,FALSE,Eucalyptus sp. aff. cameronii (Macleay-Apsley),not found,,NA,NA,NA,NA,NA,NA
NA,FALSE,Eucalyptus sp. aff. dwyeri,not found,,NA,NA,NA,NA,NA,NA
NA,FALSE,Eucalyptus sp. aff. fibrosa (Pokolbin),not found,,NA,NA,NA,NA,NA,NA
NA,TRUE,Eucalyptus sp. aff. fibrosa (Yarrawa),Eucalyptus sp. aff. fibrosa (Yarrawa),phrase name,NA,NA,NA,NA,NA,NA
NA,FALSE,Eucalyptus spp.,not found,,Eucalyptus spp.,No match,NA,NA,NA,NA
NA,FALSE,Eucalyptus viminalis subsp. luxurians,not found,,NA,NA,NA,NA,NA,NA
NA,TRUE,Eucalyptus x kirtoniana,Eucalyptus x kirtoniana F.Muell.,named hybrid,Eucalyptus patentinervis,No match,NA,NA,NA,NA
NA,TRUE,Eucalyptus x kirtoniana,Eucalyptus x kirtoniana F.Muell.,named hybrid,Eucalyptus robusta x tereticornis,No match,NA,NA,NA,NA
NA,TRUE,Eucalyptus x vitrea,Eucalyptus x vitrea R.T.Baker,named hybrid,Eucalyptus pauciflora x radiata,No match,NA,NA,NA,NA
